사업구분,연번,시도,시군구,상세주소,관련지번,토지고유번호,유형구분,사업명,사업시행자,공동시행자,후보지포함여부,관리계획승인_여부,관리계획_승인시기,뉴딜해당_여부,뉴딜활성화구역_내외,뉴딜활성화_계획포함여부,뉴딜선정년도,뉴딜유형,뉴딜가정사업여부,용도지역,사업시행면적,총사업비,사업시작시기,사업완료시기,토지소유자,조합원,기존세대수,공급토지등소유자,공급일반,공급공공임대,공급공공지원민간임대,용적율,주차장,빈집,기존용적율,신축용적율,특례적용여부,추진단계,동의서검일시기,추진위승인시기,조합설립인가시기,주민합의체구성,시행자지정고시시기,건축심의시기,사업시행계획인가시기,착공시기,준공시기,이전고시시기,중단시기,중단사유,비고,특이사항,광역지자체_담당,광역지가체_부서,광역지자체_연락처,광역지자체_이메일,기초지자체_담당자,기초지자체_부서,기초지자체_연락처,기초지자체_이메일
1,431,경기,용인시,마북동 298-1,,4146311300102980001,,마북동 298-1번지 일원 가로주택정비사업 조합,조합,,X,X ,X,,X,X,X,X,X,제2종일반주거지역,6178.000,686.79567,미정,미정,84,88,84,,130,,,X,X,X,,,,사업시행계획인가,11/09/2021,,07/29/2022,,,06/20/2023,03/19/2024,,,,,,,,박진한,도시재생과,031-8008-5563,jmf0803@gg.go.kr,김영욱,주택정비과,031-6193-2407,kywk@korea.kr
1,432,경기,구리시,인창동 648-70번지 일원,,4131010300106480070,,인창2구역 가로주택정비사업,인창2구역 가로주택정비사업조합,,X,X ,X,,X,X,,,X,제2종일반주거지역,9071.750,미정,,,86,86,75,,,,,,,O,,,,조합설립인가,01/04/2022,,07/15/2022,,,,,,,,,,,,박진한,도시재생과,031-8008-5563,jmf0803@gg.go.kr,길경배,균형개발과,031-550-8302,mark2022@korea.kr
1,433,경기,구리시,토평동 659번지 일원,,4131010700106590000,,토평동 동명빌라 가로주택정비사업,토평동 동명빌라 가로주택정비사업조합,,X,X ,X,,X,X,,,X,제2종일반주거지역,3201.000,미정,,,64,64,64,,,,,,,X,,,,조합설립인가,01/20/2022,,09/16/2022,,,,,,,,,,,,박진한,도시재생과,031-8008-5563,jmf0803@gg.go.kr,길경배,균형개발과,031-550-8302,mark2022@korea.kr
1,436,경기,군포시,당동67-8번지 일원,,4141010100100670008,,(가칭)당동 67-8번지일원 가로주택정비사업,조합,X,X,X ,X,,○,X,,,X,"상업지역, 자연녹지지역",5192.000,579.0,,,75,74,72,75,61,,,X,X,X,,,,조합설립인가,02/17/2022,,07/28/2022,,,,,,,,,,,,박진한,도시재생과,031-8008-5563,jmf0803@gg.go.kr,오정아,주택정책과,031-390-0957,jao92@korea.kr
1,445,경기,수원시,장안구 연무동 220-4번지 일원,,4111113700102200004,,연무동 220-4번지 일원 가로주택정비사업,조합,,X,X ,X,,,,,,,제2종일반주거지역,4591.000,,01/01/2022,,116,116,120,116,24,,,,,,,,,건축심의,01/03/2022,,06/10/2022,,,12/22/2023,,,,,,,,,박진한,도시재생과,031-8008-5563,jmf0803@gg.go.kr,김예리,도시정비과,031-228-3395,yeari07@korea.kr
1,448,경기,수원시,장안구 연무동 219-39번지 일원,,4111113700102190039,,연무동219-39번지일원 가로주택정비사업,조합,X,X,X ,X,,,,,,,제2종일반주거지역,4754.000,,02/01/2022,,80,80,89,90,45,,,,,,,,,건축심의,02/10/2022,,05/19/2022,,,05/03/2023,,,,,,,,,박진한,도시재생과,031-8008-5563,jmf0803@gg.go.kr,김예리,도시정비과,031-228-3395,yeari07@korea.kr
1,449,경기,수원시,장안구 조원동 668-4번지 일원,,4111113600106680004,,장안구 조원동 668-4번지 일원 가로주택정비사업,조합,X,X,X ,X,,,,,,,제2종일반주거지역,6432.000,,03/01/2022,,113,113,111,113,47,,,,,,,,,건축심의,04/05/2022,,08/08/2022,,,06/03/2024,,,,,,,,,박진한,도시재생과,031-8008-5563,jmf0803@gg.go.kr,조윤주,도시정비과,031-228-3505,joo417@korea.kr
1,450,경기,의왕시,삼동 135-19번지 일원,,4143010300101350019,,삼신8차 아파트 가로주택정비사업,조합,X,X,X ,X,,O,O,X,X,X,제3종일반주거지역,9580.000,823.0,01/26/2022,02/01/2027,291,291,270,,,,,x,x,x,,,,건축심의,01/26/2022,,08/31/2022,,,12/23/2024,,,,,,,,,박진한,도시재생과,031-8008-5563,jmf0803@gg.go.kr,백창환,도시정비과,031-345-3492,beatles17@korea.kr
1,452,경기,부천시,고강동 288번지 외5필지,,4119610500102880000,,고강동 한솔빌라외,조합,X,X,X ,X,,X,X,X,X,X,제2종일반주거지역,1819.700,138.0,미정,미정,55,55,55,미정,미정,-,-,X,X,X,,,,건축심의,01/28/2022,,09/16/2022,,,02/26/2024,,,,,,,,,박진한,도시재생과,031-8008-5563,jmf0803@gg.go.kr,지주현,주거정비과,032-625-3763,jjh5302@korea.kr
1,456,경기,부천시,원종동 269-1번지 외 1필지,,4119610400102690001,,동화 ？ 태양아파트,조합,X,X,X ,X,,X,X,X,X,X,제2종일반주거지역,5321.000,386.0,02/03/2023,미정,131,129,130,129,13,-,-,X,X,X,,,,조합설립인가,03/18/2022,,02/03/2023,,,,,,,,,,,,박진한,도시재생과,031-8008-5563,jmf0803@gg.go.kr,김태한,원도심재생과,032-625-3762,thkim7@korea.kr
1,457,경기,부천시,역곡동 23-1번지 외 2필지,,4119210700100230001,,한도2차아파트 일원 가로주택정비사업,조합,X,X,X ,X,,X,X,X,X,X,제2종일반주거지역,5321.000,685.0,미정,미정,169,169,169,,,-,-,X,X,X,,,,조합설립인가,03/21/2022,,07/08/2022,,,,,,,,,,,,박진한,도시재생과,031-8008-5563,jmf0803@gg.go.kr,배현수,원도심재생과,032-625-3804,bhs0302@korea.kr
1,459,경기,부천시,오정동 612-1번지 외 2필지,,4119610100106120001,,라이프아파트 일원 가로주택정비사업,조합,X,X,X ,X,,X,X,X,X,X,제2종일반주거지역,3293.500,220.0,03/10/2022,미정,72,72,72,72,17,-,-,X,X,X,,,,건축심의,03/10/2022,,07/08/2022,,,11/08/2024,,,,,,,,,박진한,도시재생과,031-8008-5563,jmf0803@gg.go.kr,구은선,주거정비과,032-625-3765,ydyvdjvr@korea.kr
1,462,경기,부천시,삼정동 311-1번지,,4119012300103110001,,신한일아파트 가로주택정비사업,조합,X,X,X ,X,,X,X,X,X,X,제2종일반주거지역,7669.400,565.0,12/23/2021,미정,195,195,195,195,39,-,-,X,X,X,,,,조합설립인가,12/23/2021,,11/03/2022,,,,,,,,,,,,박진한,도시재생과,031-8008-5563,jmf0803@gg.go.kr,구은선,주거정비과,032-625-3765,ydyvdjvr@korea.kr
1,464,경기,부천시,심곡본동 617-127번지 등 24필지,,4119410200106170127,,금강경원 일원 가로주택정비사업,조합,X,O,X ,X, ,X,X,X,X,X,제2종일반주거지역,9742.830,731.0,미정,미정,193,193,185,미정,미정,X,,,,,,,,조합설립인가,12/17/2021,,12/13/2024,,,,,,,,,,,,박진한,도시재생과,031-8008-5565,jmf0803@gg.go.kr,이우영,원도심재생과,032-625-3772,dndud2895@korea.kr
1,468,경기,부천시,고강동 361-4번지 외 4필지,,4119610500103610004,,고강동 여명빌라외 가로주택정비사업,조합(예정),X,X,X ,X,,X,X,X,X,X,제2종일반주거지역,1432.100,112.0,07/20/2023,미정,39,39,39,미정,미정,X,X,X,X,X,,,,건축심의,03/07/2022,,07/20/2023,,,09/26/2024,,,,,,,,,박진한,도시재생과,031-8008-5563,jmf0803@gg.go.kr,구은선,주거정비과,032-625-3765,ydyvdjvr@korea.kr
1,469,경기,광명시,광명동 49-113번지 일원,,4121010100100490113,,"광명 13-1,2구역 LH참여 가로주택정비사업",조합,LH,O,O ,12/31/2021, ,O,O,-,-,x,제2종일반주거지역,28771.000,,,,530,530,530,530,131,74,,,,,,,,조합설립인가,07/10/2024,,12/31/2024,,,,,,,,,,,,박진한,도시재생과,031-8008-5563,jmf0803@gg.go.kr,박종혁,도시재생과,02-2680-6977,whdgur9185@korea.kr
1,470,경기,의왕시,삼동 192-380번지 일원,,4143010300101920380,,한양다세대 및 주변 가로주택정비사업,조합,X,X,X ,X,,O,O,X,X,X,제2종일반주거지역,6122.000,469.0,06/10/2022,08/30/2026,74,74,71,,,,,x,x,x,,,,건축심의,06/10/2022,,10/12/2022,,,11/20/2024,,,,,,,,,박진한,도시재생과,031-8008-5563,jmf0803@gg.go.kr,이정숙,도시정비과,031-345-3498,yellowsk@korea.kr
1,485,경기,군포시,당동 740-2번지 일원,,4141010100107400002,,(가칭)당동 740-2번지 일대 가로주택정비사업,지정개발자,X,X,X ,X,,X,X,X,X,X,제2종일반주거지역,6458.300,603.0,,,160,,158,160,30,,,X,X,X,,,,조합설립인가,,,,,08/01/2022,,,,,,,,지정개발자 지정,,박진한,도시재생과,031-8008-5563,jmf0803@gg.go.kr,박성현,주택정책과,031-390-0467,pxxxxn@korea.kr
1,486,경기,군포시,당동 741-1번지 일원,,4141010100107410001,,(가칭)당동 741-1번지 일원 가로주택정비사업,지정개발자,X,X,X ,X,,X,X,X,X,X,제2종일반주거지역,1169.000,134.0,,,49,,48,25,25,,,X,X,X,,,,조합설립인가,,,,,08/01/2022,,,,,,,,지정개발자 지정,,박진한,도시재생과,031-8008-5563,jmf0803@gg.go.kr,오정아,주택정책과,031-390-0957,jao92@korea.kr
1,487,경기,수원시,장안구 연무동 21번지 일원,,4111113700100210000,,연무동 21 가로주택정비사업,지정개발자(신탁),X,X,X ,X,,,,,,,일반상업지역,2283.000,,05/01/2022,,104,104,66,79,72,42,,O,,,,,,조합설립인가,05/06/2022,,09/16/2022,,,,,,,,,,,,박진한,도시재생과,031-8008-5563,jmf0803@gg.go.kr,김예리,도시정비과,031-228-3395,yeari07@korea.kr
1,489,경기,수원시,장안구 연무동 24-5번지 일원,,4111113700100240005,,연무동 24의5 일원 가로주택정비사업,조합,X,X,X ,X,,,,,,,일반상업지역,1413.000,,06/01/2022,,26,20,20,20,24,,,,,,,,,조합설립인가,06/03/2022,,02/17/2023,,,,,,,,,,,,박진한,도시재생과,031-8008-5563,jmf0803@gg.go.kr,김예리,도시정비과,031-228-3395,yeari07@korea.kr
1,491,경기,수원시,장안구 연무동 212-2번지 일원,,4111113700102120002,,연무동 212 일원 가로주택정비사업,조합,X,X,X ,X,,,,,,,일반상업지역,2230.000,,06/01/2022,,36,31,48,30,101,,,O,,,,,,건축심의,06/24/2022,,01/04/2023,,,09/21/2023,,,,,,,,,박진한,도시재생과,031-8008-5563,jmf0803@gg.go.kr,김예리,도시정비과,031-228-3395,yeari07@korea.kr
1,495,경기,부천시,원종동 199-2번지 외 31필지,,4119610400101990002,,원종동 199-2번지일원 가로주택정비사업,조합,X,X,X ,X,,X,X,X,X,X,제2종일반주거지역,6581.300,397.0,미정,미정,184,184,182,미정,미정,X,X,X,X,X,,,,건축심의,12/03/2021,,06/09/2022,,,07/27/2023,,,,,,,,,박진한,도시재생과,031-8008-5563,jmf0803@gg.go.kr,김태한,원도심재생과,032-625-3762,thkim7@korea.kr
1,496,경기,부천시,원종동 151-2번지 외 29필지,,4119610400101510002,,원종동 151-2번지일원 가로주택정비사업,조합,X,X,X ,X,,X,X,X,X,X,제2종일반주거지역,6590.000,160.0,미정,미정,168,168,164,미정,미정,X,X,X,X,X,,,,건축심의,12/03/2021,,06/09/2022,,,06/07/2023,,,,,,,,,박진한,도시재생과,031-8008-5563,jmf0803@gg.go.kr,김태한,원도심재생과,032-625-3762,thkim7@korea.kr
1,510,경기,의왕시,삼동 192-33번지 일원,,4143010300101920033,,신우연립 및 주변 가로주택정비사업,조합,X,X,X ,X,,O,O,X,X,X,제2종일반주거지역,6348.000,503.0,09/05/2022,12/31/2027,147,145,142,,,X,X,X,X,X,,,,조합설립인가,09/05/2022,,06/28/2023,,,,,,,,,,,,박진한,도시재생과,031-8008-5563,jmf0803@gg.go.kr,백창환,도시정비과,031-345-3492,beatles17@korea.kr
1,513,경기,안양시,안양동 434-3번지 일원,,4117110100104340003,,명학시장구역 가로주택정비사업조합,조합,X,X,X ,X,,X,X,,-,X,일반상업지역,5672.700,1251.0,08/25/2022,,354,354,348,,,,,,,,,,,건축심의,01/19/2022,,08/25/2022,,,05/09/2024,,,,,,,주상복합,,박진한,도시재생과,031-8008-5563,jmf0803@gg.go.kr,김승균,건축과,031-8045-5640,ksg004694@korea.kr
1,514,경기,시흥시,거모동 1467-4일원,,4139012700114670004,,거모동 아주1차아파트 가로주택정비사업,조합,X,X,X ,X,,X,X,X,X,X,제2종일반주거지역,2833.000,미정,미정,미정,72,72,72,미정,미정,-,-,X,X,X,,,,건축심의,09/15/2022,,02/09/2023,,,12/19/2024,,,,,,,,,박진한,도시재생과,031-8008-5563,jmf0803@gg.go.kr,지현정,균형개발과,031-310-3763,jkj7912lee@korea.kr
1,541,경기,화성시,송산동 97-129번지 일원,,4159510800100970129,,송산동 신현대1차아파트 가로주택정비사업,조합(예정),X,X,X ,X, ,X,X,X,X,X,제2종일반주거지역,9501.000,미정,미정,미정,258,미정,264,미정,미정,X,,,,,,,,조합설립인가,11/10/2022,,01/10/2025,,,,,,,,,,,,박진한,도시재생과,031-8008-5563,jmf0803@gg.go.kr,양자경,도시개발과,031-5189-6096,jk0224@korea.kr
1,542,경기,고양시,덕양구 고양동 194번지 일원,,4128111600101940000,,고양동 수정계명빌라 가로주택정비사업,조합,X,X,X ,X,,O,X,X,일반근린,X,"제2종일반주거지역, 일반상업지역",2921.000,259.0,,,64,61,61,64,34,-,-,-,-,-,,,,조합설립인가,12/16/2022,,04/03/2023,,,,,,,,,,건축심의 준비중,,박진한,도시재생과,031-8008-5563,jmf0803@gg.go.kr,홍지애,도시정비과,031-8075-3438,hi78@korea.kr
1,547,경기,포천시,신읍동 150번지 외 12필지,,4165010100101500000,,정신연립일대 가로주택정비사업,조합(예정),X,X,X ,X,,X,X,X,X,X,제2종일반주거지역,5132.700,미정,미정,미정,67,67,66,67,64,X,X,X,X,X,,,,건축심의,03/04/2022,,11/15/2022,,,01/23/2025,,,,,,,,,박진한,도시재생과,031-8008-5563,jmf0803@gg.go.kr,김성수,건축과,031-538-2384,PKSS2018@korea.kr
1,550,경기,화성시,송산동 97-2번지 일원,,4159510800100970002,,송산동 신현대2차아파트 가로주택정비사업,조합(예정),X,X,X ,X, ,X,X,X,X,X,제2종일반주거지역,9805.000,미정,미정,미정,282,미정,282,미,미정,X,,,,,,,,조합설립인가,03/21/2023,,01/10/2025,,,,,,,,,,,,박진한,도시재생과,031-8008-5563,jmf0803@gg.go.kr,양자경,도시개발과,031-5189-6096,jk0224@korea.kr
1,555,경기,수원시,장안구 연무동 11-58번지 일원,,4111113700100110058,,연무동 11-58 일원 가로주택정비사업,조합,X,X,X ,X,,,,,,,일반상업지역,1267.000,,02/10/2023,,44,,44,,,X,,,,,,,,조합설립인가,02/10/2023,,07/04/2024,,,,,,,,,,,,박진한,도시재생과,031-8008-5563,jmf0803@gg.go.kr,김예리,도시정비과,031-228-3395,yeari07@korea.kr
1,572,경기,남양주시,호평동 196-1번지 일원,,4136010100101960001,,호평동 남양아파트 LH참여형 가로주택정비사업조합,조합,X,X,X ,X,,,,,,,제2종일반주거지역,10923.000,미정,미정,미정,227,227,220,227,51,32,,,,,,,,조합설립인가,06/07/2023,,05/07/2024,,,,,,,,,,,,박진한,도시재생과,031-8008-5563,jmf0803@gg.go.kr,고민정,도시재생과,031-590-2386,kmj24@korea.kr
1,581,경기,부천시,여월동 2-16번지,,4119610200100020016,,월산장미아파트,조합,X,X,X ,X, ,X,X,X,X,X,제2종일반주거지역,5072.700,576.0,미정,미정,105,105,105,미정,미정,X,,,,,,,,조합설립인가,02/13/2023,,06/05/2024,,,,,,,,,,,,박진한,도시재생과,031-8008-5563,jmf0803@gg.go.kr,지주현,원도심재생과,032-625-3763,jjh5302@korea.kr
1,582,경기,부천시,심곡동 354-3번지 외2필지,,4119210200103540003,,도원아파트 가로주택정비사업,조합,X,X,X ,X, ,X,X,X,X,X,일반상업지역,1176.800,270.0,미정,미정,41,미정,38,미정,미정,X,,,,,,,,조합설립인가,06/26/2023,,11/20/2024,,,,,,,,,,,,박진한,도시재생과,031-8008-5563,jmf0803@gg.go.kr,이우영,원도심재생과,032-625-3802,dndud2895@korea.kr 
3,24,경기,부천시,심곡동 116-1,,4119210200101160001,,무궁화연립 소규모재건축사업,조합,,X,X ,X,,,,,,,,1744.800,196.0,04/03/2019,미정,30,28,30,22,29,0,,,,,102.08,249.74,미적용,사업시행인가,,,04/03/2019,,,04/14/2020,08/14/2023,,,,,,,,박진한,도시재생과,031-8008-5563,jmf0803@gg.go.kr,장한별,주거정비과,032-625-3773,jhb930309@korea.kr
1,589,경기,부천시,원종동 339-5번지 외 5필지,"434-1, -2, -4, -5, -7, -8, -9, -10, -11, -12, -13, -14",4119610400103390000,,원종동 339-5번지 일원 가로주택정비사업,조합,X,X,X ,X,,X,X,X,X,X,제2종일반주거지역,1477.900,119.0,미정,미정,42,42,42,36,4,X,X,X,X,X,,,,조합설립인가,11/15/2022,,12/18/2023,,,,,,,,,,,,박진한,도시재생과,031-8008-5563,jmf0803@gg.go.kr,장은지,주거정비과,032-625-3761,eun708@korea.kr
1,594,경기,안산시,상록구 건건동 660-14번지 일원,,4127111100106600014,,건건동 660-14번지 일원 가로주택정비사업,조합,X,X,X ,X, ,X,X,,,X,제2종일반주거지역,6718.000,미정,미정,미정,153,153,143,153,38,X,,,,,,,,조합설립인가,08/17/2022,,01/15/2024,,,,,,,,,,,,박진한,도시재생과,031-8008-5563,jmf0803@gg.go.kr,서승훈,주택과,031-481-2398,boss6672@korea.kr
1,624,경기,수원시,팔달구 우만동 81-3 외 9필지,,4111514000100810003,,(가칭) 우만동 81-3 일원 가로주택정비사업,조합,X,X,X ,X,,,,,,,준주거지역,1764.400,,03/19/2024,,47,,45,47,22,X,,,,,,,,조합설립인가,03/19/2024,,11/27/2024,,,,,,,,,,,,박진한,도시재생과,031-8008-5563,jmf0803@gg.go.kr,조윤주,도시정비과,031-228-3828,joo417@korea.kr
3,1,경기,수원시,팔달구 아주로47번길 8,,4111514000100580001,,우만동금성아파트 소규모주택 재건축정비사업,조합,,X,X ,X,,,,,,,,3783.000,288.0,06/01/2012,,62,60,65,62,29,,,,,,159,249.96,,착공,,06/22/2012,06/30/2015,,,12/27/2017,04/02/2020,07/24/2023,,,,,,,박진한,도시재생과,031-8008-5563,jmf0803@gg.go.kr,이용호,도시정비과,031-228-3397,yh6874@korea.kr
3,2,경기,수원시,장안구 덕영대로 417번길 77,,4111113200101420005,,장미6차 아파트 소규모재건축사업,조합,,X,X ,X,,,,,,,,4799.000,,01/01/2017,,160,148,155,,,,,,,,139.92,242.04,,건축심의,,,01/15/2021,,,09/20/2022,,,,,,,,,박진한,도시재생과,031-8008-5563,jmf0803@gg.go.kr,이용호,도시정비과,031-228-3397,yh6874@korea.kr
3,3,경기,부천시,원미동 151-6 ,,4119210100101510006,,삼협연립 및 단독주택 소규모재건축사업,조합,,X,X ,X,,,,,,,,7432.000,537.0,02/26/2004,11/01/2021,88,88,88,88,131,0,,,,,-,250,미적용,이전고시,,,02/26/2004,,,"2016-10-25, 2018-01-30",09/25/2017,03/26/2019,11/26/2021,03/03/2022,,,,,박진한,도시재생과,031-8008-5563,jmf0803@gg.go.kr,장한별,주택정비과,032-625-3773,jhb930309@korea.kr
3,4,경기,부천시,송내동 598-3,,4119410500105980003,,해바라기연립 소규모재건축사업,조합,,X,X ,X,,,,,,,,2784.000,133.0,09/01/2015,05/01/2020,56,56,57,53,34,0,,,,,100,229.55,미적용,이전고시,,,09/03/2015,,,07/26/2016,12/01/2016,09/17/2018,06/15/2020,08/13/2020,,,,,박진한,도시재생과,031-8008-5563,jmf0803@gg.go.kr,김동주,주택정비과,032-625-3745,joo9007@korea.kr
3,5,경기,부천시,심곡본동 617-140,,4119410200106170140,,광희아파트 소규모재건축사업,조합,,X,X ,X,,,,,,,,6300.000,428.0,08/01/2016,미정,130,113,130,113,82,0,,,,,-,239,미적용,사업시행인가,,,08/19/2016,,,12/23/2016,08/05/2021,,,,,,,,박진한,도시재생과,031-8008-5563,jmf0803@gg.go.kr,김동주,주택정비과,032-625-3746,joo9007@korea.kr
3,6,경기,부천시,원종동 159-1,,4119610400101590001,,오건아파트 소규모재건축사업,조합,,X,X ,X,,,,,,,,4416.700,287.0,11/18/2016,05/30/2022,88,80,90,80,56,0,,,,,-,245,미적용,이전고시,,,11/18/2016,,,12/21/2017,05/30/2019,01/16/2020,01/31/2022,08/04/2022,,,,,박진한,도시재생과,031-8008-5563,jmf0803@gg.go.kr,노영진,주택정비과,032-625-3771,dudwls0520@korea.kr
3,7,경기,부천시,괴안동 167-10,,4119410400101670010,,금호아파트 소규모재건축사업,조합,,X,X ,X,,,,,,,,2369.000,126.0,01/12/2017,01/23/2020,56,51,56,51,28,0,,,,,111,230,미적용,이전고시,,,01/12/2017,,,05/25/2017,10/30/2017,06/25/2018,01/23/2020,06/29/2020,,,,,박진한,도시재생과,031-8008-5563,jmf0803@gg.go.kr,김동주,주택정비과,032-625-3772,smj0415@korea.kr
3,8,경기,부천시,괴안동 119-18번지 외 2,,4119410400101190018,,괴안동삼협연립 소규모재건축사업,조합,,X,X ,X,,,,,,,,2549.900,162.0,08/01/2019,미정,33,27,34,27,58,0,,,,,78,249.88,미적용,사업시행인가,,,08/19/2019,,,03/16/2020,11/10/2021,,,,,,,,박진한,도시재생과,031-8008-5563,jmf0803@gg.go.kr,김동주,주거정비과,032-625-3772,smj0415@korea.kr
3,9,경기,부천시,괴안동 40,,4119410400100400000,,화성연립 소규모재건축사업,조합,,X,X ,X,,,,,,,,1596.000,196.0,03/01/2018,미정,27,16,28,16,26,0,,,,,79,248.84,미적용,사업시행인가,,,04/25/2018,,,05/12/2021,08/31/2023,,,,,,,,박진한,도시재생과,031-8008-5563,jmf0803@gg.go.kr,김동주,주거정비과,032-625-3772,smj0415@korea.kr
3,10,경기,부천시,역곡동 25-32,,4119210700100250032,,한도아파트 소규모재건축사업,조합,,X,X ,X,,,,,,,,3361.000,428.0,10/01/2004,미정,100,80,100,89,26,0,,,,,143.98,249.85,미적용,사업시행인가,,,10/11/2004,,,02/28/2022,08/14/2023,,,,,,,,박진한,도시재생과,031-8008-5563,jmf0803@gg.go.kr,장한별,주거정비과,032-625-3773,jhb930309@korea.kr
3,11,경기,부천시,역곡동 52-1,,4119210700100520001,,욱일연립 소규모재건축사업,조합,,X,X ,X,,,,,,,,1624.000,미정,03/01/2006,미정,36,30,36,미정,미정,미정,,,,,27.87,230,미적용,조합설립인가,,,03/17/2006,,,,,,, ,,,장기간 추진지연,,박진한,도시재생과,031-8008-5563,jmf0803@gg.go.kr,장한별,주거정비과,032-625-3773,jhb930309@korea.kr
3,17,경기,부천시,고강동 309-3 외 3필지,,4119610500103090003,,삼양연립 소규모재건축사업,조합,,X,X ,X,,,,,,,,3205.000,미정,05/01/2004,미정,60,54,60,35,35,0,,,,,110,199.1,미적용,사업시행인가,,,05/19/2004,,,04/16/2015,12/31/2004,,,,,,"조합임원, 조합원 당사자간 신뢰부족으로 사업지연",,박진한,도시재생과,031-8008-5563,jmf0803@gg.go.kr,노영진,주거정비과,032-625-3771,dudwls0520@korea.kr
3,20,경기,부천시,괴안동 2-4외 4필지,,4119410400100020004,,광한 소규모재건축사업,조합,,X,X ,X,,,,,,,,2791.000,192.0,07/01/2018,12/01/2022,81,79,81,67,37,0,,,,,148,250,미적용,이전고시,,,07/27/2018,,,08/27/2019,06/30/2020,12/15/2020,12/23/2022,04/24/2023,,,,,박진한,도시재생과,031-8008-5563,jmf0803@gg.go.kr,김동주,주택정비과,032-625-3772,joo9007@korea.kr
3,22,경기,부천시,중동 805-6 외 1필지,,4119210800108050006,,(가칭) 동원1차 소규모재건축사업,조합(예정),,X,X ,X,,,,,,,,2636.200,167.0,미정,미정,65,미정,65,미정,미정,미정,,,,,140.5,220,미정,조합설립인가,,,03/24/2022,,,,,,,,,,,,박진한,도시재생과,031-8008-5563,jmf0803@gg.go.kr,장한별,주거정비과,032-625-3773,jhb930309@korea.kr
3,23,경기,부천시,심곡동 95-1,,4119210200100950001,,건부아파트 소규모 재건축사업,조합,,X,X ,X,,,,,,,,2851.000,346.3,10/01/2018,미정,90,84,90,83,19,0,,,,,-,250,미적용,준공,,,10/31/2018,,,03/14/2019,11/29/2019,07/15/2021,11/13/2023,,,,,,박진한,도시재생과,031-8008-5563,jmf0803@gg.go.kr,장한별,주택정비과,032-625-3773,jhb930309@korea.kr
3,26,경기,부천시,원종동 369번지,,4119610400103690000,,장미아파트 소규모재건축사업,조합,,X,X ,X,,,,,,,,5772.000,465.0,04/01/2019,미정,140,132,130,132,23,0,,,,,158,249.97,미정,사업시행인가,,,04/01/2019,,,05/27/2021,06/22/2023,,,,,,,,박진한,도시재생과,031-8008-5563,jmf0803@gg.go.kr,노영진,주거정비과,032-625-3771,dudwls0520@korea.kr
3,27,경기,부천시,괴안동 91-1 외 1필지,,4119410400100910001,,청암아파트 소규모재건축사업,조합,,X,X ,X,,,,,,,,6166.400,612.0,03/21/2019,01/27/2026,140,138,140,138,51,0,,,,,160,249.48,미적용,착공,,,03/21/2019,,,07/13/2020,09/06/2021,08/23/2023,,,,,,,박진한,도시재생과,031-8008-5563,jmf0803@gg.go.kr,김동주,주거정비과,032-625-3772,joo9007@korea.kr
3,28,경기,부천시,원미동 167-1,,4119210100101670001,,국민연립 소규모재건축사업,조합,,X,X ,X,,,,,,,,2468.000,276.0,미정,미정,68,미정,68,미정,미정,미정,,,,,93.2,230,미정,조합설립인가,,,02/03/2021,,,,,,,,,도심공공주택복합사업으로 편입 예정,,,박진한,도시재생과,031-8008-5563,jmf0803@gg.go.kr,장한별,주거정비과,032-625-3773,jhb930309@korea.kr
3,29,경기,부천시,역곡동 247 외 1필지,,4119210700102470000,,부천동성아파트 소규모재건축사업,조합,,X,X ,X,,,,,,,,4128.000,194.0,07/15/2019,미정,87,87,90,미정,미정,미정,,,,,-,230,미정,건축심의,,,07/15/2019,,,08/31/2023,,,,,,,,,박진한,도시재생과,031-8008-5563,jmf0803@gg.go.kr,장한별,주거정비과,032-625-3773,jhb930309@korea.kr
3,30,경기,부천시,원종동 69-18,,4119610400100690018,,욱일6차아파트 소규모재건축사업,조합,,X,X ,X,,,,,,,,5728.000,597.0,12/12/2019,미정,140,139,140,139,23,0,,,,,153,228.8,미정,사업시행인가,,,12/12/2019,,,05/03/2021,04/13/2022,,,,,,,,박진한,도시재생과,031-8008-5563,jmf0803@gg.go.kr,노영진,주거정비과,032-625-3771,dudwls0520@korea.kr
3,31,경기,부천시,"괴안동 184,184-1번지",,4119410400101840000,,한아름아파트5차 소규모재건축사업,조합,,X,X ,X,,,,,,,,2381.300,243.0,11/04/2019,미정,64,62,65,62,19,-,,,,,164,249.09,미적용,착공,,,11/04/2019,,,12/28/2020,10/13/2021,09/29/2022,,,,,,,박진한,도시재생과,031-8008-5563,jmf0803@gg.go.kr,김동주,주거정비과,032-625-3772,joo9007@korea.kr
3,32,경기,부천시,역곡동 79-13 외 1필지,,4119210700100790013,,대흥연립 소규모재건축사업,조합,,X,X ,X,,,,,,,,870.600,46.0,02/10/2020,미정,24,19,24,24,5,-,,,,,115,206,미적용,착공,,,02/10/2020,,,03/19/2020,08/26/2021,08/14/2023,,,,,,,박진한,도시재생과,031-8008-5563,jmf0803@gg.go.kr,장한별,주거정비과,032-625-3773,jhb930309@korea.kr
3,33,경기,부천시,괴안동 3-16,,4119410400100030016,,한아름아파트 소규모재건축사업,조합,,X,X ,X,,,,,,,,1686.500,117.0,09/16/2019,04/08/2030,60,49,60,61,61,0,,,,,144,249.65,미정,사업시행인가,,,09/16/2019,,,05/11/2023,04/08/2025,,,,,,,,박진한,도시재생과,031-8008-5563,jmf0803@gg.go.kr,김동주,주거정비과,032-625-3772,smj0415@korea.kr
3,34,경기,부천시,심곡본동 803,,4119410200108030000,,대진빌라 소규모재건축사업,조합,,X,X ,X,,,,,,,,7464.500,563.0,미정,미정,121,102,121,116,56,0,,,,,94.18,199.97,미적용,사업시행인가,,,07/07/2021,,,12/28/2021,04/07/2023,,,,,,,,박진한,도시재생과,031-8008-5563,jmf0803@gg.go.kr,김동주,주택정비과,032-625-3746,joo9007@korea.kr
3,36,경기,부천시,소사본동 191-3번지 외 1필지,,4119410100101910003,,진양아파트 소규모재건축사업,조합,,X,X ,X,,,,,,,,3432.800,313.0,07/15/2022,07/01/2025,95,92,95,92,12,미정,,,,,126.77,246.12,미정,착공,,,04/27/2020,,,05/27/2021,07/15/2022,06/02/2023,,,,,,,박진한,도시재생과,031-8008-5563,jmf0803@gg.go.kr,김동주,주택정비과,032-625-3746,joo9007@korea.kr
3,40,경기,구리시,교문동 768번지 일원,,4131010400107680000,,삼용주택 소규모재건축정비사업,삼용주택소규모재건축정비사업조합,,X,X ,X,,,,,,,,5940.300,미정,미정,미정,67,57,67,57,94,0,,,,,85.2,249.32,,건축심의,,해당없음,07/05/2019,,,11/17/2022,,,,,,,건축위원회 재심의 완료,,박진한,도시재생과,031-8008-5563,jmf0803@gg.go.kr,김민재,균형개발과,031-550-8302,minj0918@korea.kr
3,42,경기,광명시,소하동 893-2번지 일원,,4121010400108930002,,정우연립 소규모재건축정비사업,조합,,X,X ,X,,,,,,,,5918.000,430.0,10/01/2018,09/01/2024,117,113,132,113,56,0,,,,,110.68,242.59,미적용,착공,,10/11/2017,10/10/2018,,,01/29/2020,06/17/2021,07/18/2023,2026-01(계획),,,,,,박진한,도시재생과,031-8008-5563,jmf0803@gg.go.kr,정재민,균형개발과,02-2680-6972,safe1016@korea.kr
3,44,경기,안양시,만안구 안양동 190-11번지,,4117110100101900011,,대동아아파트 소규모재건축사업,조합,,X,X ,X,,,,,,,,5485.600,525.0,02/01/2019,,166,165,168,168,7,47,,,,,156,366.8,적용,착공,,,02/28/2019,,07/22/2020,,09/10/2021,07/31/2023,,,,,,,박진한,도시재생과,031-8008-5563,jmf0803@gg.go.kr,유예지,주택과,031-8045-2856,dpwltl@korea.kr
3,46,경기,성남시,중원구 하대원동 119,,4113310900101190000,,하대원 삼남아파트 소규모재건축사업,조합,,X,X ,X,,,,,,,,2670.400,251.0,08/20/2021,04/21/2025,106,106,105,105,12,,,,,,213.46,249.9,미적용,착공,,,04/24/2019,,,01/20/2021,08/20/2021,11/08/2022,,,,,,,박진한,도시재생과,031-8008-5563,jmf0803@gg.go.kr,이준희,재건축과,031-729-4162,junehee2@korea.kr
3,47,경기,군포시,경기도 군포시 금정동 728-8번지 일원,,4141010500107280008,,중앙연립 소규모재건축사업,조합,O,X,X ,X,,,,,,,,2385.000,182.0,,,44,27,44,26,44,,,,,,112,197,미적용,사업시행인가,,2021-10-21(동의서 검인),03/02/2022,,-,11/07/2022,,,,,,,,,박진한,도시재생과,031-8008-5563,jmf0803@gg.go.kr,윤진,주택정책과,031-390-0406,bacjin@korea.kr
3,48,경기,오산시,오산시 경기대로416번길3,,4137010900100640001,,영산그린맨션 소규모재건축정비사업,조합,,x,X ,X,,,,,,,,7695.000,,,,102,80,102,77,124,,,,,,90,235.22,미적용,건축심의,,,02/12/2019,,,07/13/2022,,,,,,,,,박진한,도시재생과,031-8008-5563,jmf0803@gg.go.kr,김은향,주택과,031-8036-7775,gid7912@korea.kr
3,52,경기,부천시,원미동 89-1,,4119210100100890001,,원미상가아파트 소규모재건축사업,조합,,X,X ,X,,,,,,,,1531.900,162.0,미정,미정,46,미정,46,31,19,0,,,,,171.47,246.34,미적용,사업시행인가,,,06/22/2021,,,09/28/2022,07/01/2023,,,,,,,,박진한,도시재생과,031-8008-5563,jmf0803@gg.go.kr,장한별,주거정비과,032-625-3773,jhb930309@korea.kr
3,54,경기,의정부시,가능동 369 일원(풍전빌라),,4115011000103690000,,풍전빌라 소규모재건축사업,조합,,X,X ,X,,,,,,,,6730.000,313.0,08/26/2021,08/26/2022,102,79,102,79,79,-,,,,,136.94145616641902,175,미적용,사업시행인가,,02/05/2021,08/26/2021,,,07/21/2022,,,,, ,,,,박진한,도시재생과,031-8008-5563,jmf0803@gg.go.kr,김지웅,도시재생과,031-828-8813,woong0109@korea.kr
3,55,경기,의정부시,금오동 398 일원(한양빌라),,4115010900103980000,,금오동 398 일원(한양빌라) 소규모재건축사업,조합,,X,X ,X,,,,,,,,8176.000,378.0,12/27/2021,12/26/2022,93,85,92,93,106,-,,,,,117.23290443834031,250,미적용,건축심의,,08/12/2020,12/27/2021,,,12/31/2024,,,,, ,,,,박진한,도시재생과,031-8008-5563,jmf0803@gg.go.kr,김수현,도시재생과,031-828-8813,zzorry@korea.kr
3,56,경기,이천시,갈산동 614-2일원,,4150010800106140002,,"보은아파트, 연립주택 소규모재건축사업",지정개발자,,X,X ,X,,,,,,,,7887.000,551.0,12/03/2018,12/31/2025,179,,165,161,60,,,,,,,216.58,미적용,사업시행인가,,,,,05/18/2020,08/12/2021,08/30/2022,2023-11-01(예정),2025-07-01(예정),, ,,,,박진한,도시재생과,031-8008-5563,jmf0803@gg.go.kr,박유미,미래도시과,031-644-7133,angebiga14@korea.kr
3,57,경기,고양시,일산서구 일산동 587-5번지 일원,,4128710100105870005,,세인아파트 소규모재건축사업,조합,,O,X ,X,,,,,,,,3547.000,,,,70,65,70,,,,,,,,230,249.96,적용,조합설립인가,,,07/06/2021,,,,,,,,,,,,박진한,도시재생과,031-8008-5563,jmf0803@gg.go.kr,안정이,도시정비과,031-8075-3440,jyahn109@korea.kr
3,59,경기,이천시,사음동 24 일원,,4150011100100240000,,사음동 향림주택 소규모재건축사업,조합,,X,X ,X,,,,,,,,3927.000,미정,07/01/2020,,61,49,62,63,47,,,,,,82.85,,미적용,조합설립인가,,,12/30/2020,,,,,,,,,,,,박진한,도시재생과,031-8008-5563,jmf0803@gg.go.kr,박유미,미래도시과,031-644-7133,angebiga14@korea.kr
3,60,경기,이천시,창전동 417-2번지 일원,,4150010100104170002,,청자아파트 재건축정비사업,조합,,X,X ,X,,,,,,,,5984.500,미정,05/01/2020,,102,81,104,81,70,,,,,,148,,미적용,건축심의,,,11/24/2020,,,11/16/2022,,2025-05-01(예정),2027-05-01(예정),,,,,,박진한,도시재생과,031-8008-5563,jmf0803@gg.go.kr,박유미,미래도시과,031-644-7133,angebiga14@korea.kr
3,61,경기,오산시,오산시 고현동 37번지 일원,,4137012200100370000,,오산빌리지 소규모재건축정비사업,조합,,x,X ,X,,,,,,,,9515.000,,,,185,175,192,175,79,,,,,,95.79,234.27,미적용,건축심의,,,11/16/2020,,,06/17/2022,,,,,,,,,박진한,도시재생과,031-8008-5563,jmf0803@gg.go.kr,최인정,주택과,031-8036-7774,agreetoo@korea.kr
3,62,경기,부천시,송내동 365-1,,4119410500103650001,,송내동 성우아파트 소규모재건축사업,조합,,X,X ,X,,,,,,,,5036.000,784.0,미정,미정,101,92,101,미정,미정,미정,,,,,68.17,250,미정,사업시행인가,,,06/15/2021,,,05/23/2023,06/25/2024,,,,,,,,박진한,도시재생과,031-8008-5563,jmf0803@gg.go.kr,장한별,주거정비과,032-625-3773,jhb930309@korea.kr
3,66,경기,부천시,송내동 328-1,,4119410500103280001,,송내동 건우3차아파트 소규모재건축사업,조합,,X,X ,X,,,,,,,,1480.300,167.0,미정,미정,40,29,40,29,17,미정,,,,,141.56,229.66,미정,사업시행인가,,,06/09/2021,,,11/30/2023,09/10/2024,,,,,,,,박진한,도시재생과,031-8008-5563,jmf0803@gg.go.kr,김동주,주택정비과,032-625-3746,joo9007@korea.kr
3,67,경기,부천시,"송내동 331-4 외 2(331-4,5,6)",,4119410500103310004,,"송내동 건우2차, 동신2차 소규모재건축사업",조합,,X,X ,X,,,,,,,,7037.600,706.0,미정,미정,162,미정,162,미정,미정,미정,,,,,142.14,250,미정,조합설립인가,,,06/17/2021,,,,,,,,,,,,박진한,도시재생과,031-8008-5563,jmf0803@gg.go.kr,김동주,주택정비과,032-625-3746,joo9007@korea.kr
3,71,경기,의정부시,금오동 270-13 일원(산장연립),,4115010900102700013,,금오동 270-13 일원(산장연립) 소규모재건축사업,조합 ,,X,X ,X,,,,,,,,7905.620,557.0,미정,미정,82,71,87,0,0,-,,,,,77.65,249,미적용,조합설립인가,,06/22/2021,09/30/2022,,,,,,,,,,,,박진한,도시재생과,031-8008-5563,jmf0803@gg.go.kr,김수현,도시재생과,031-828-8813,zzorry@korea.kr
5,1,경기,광명시,광명7동,,4121010100102950021,,광명시 광명7동,,,,,,,,,,,,,,,,,,,,,,,,,,,,,,,,,,,,,,,,,,,,,,,,,,,,
5,2,경기,수원시권선구,세류2동,,4111312600109680001,,수원시 세류2동,,,,,,,,,,,,,,,,,,,,,,,,,,,,,,,,,,,,,,,,,,,,,,,,,,,,
5,3,경기,성남시수정구,태평동,,4113110200100080000,,성남시 태평동,,,,,,,,,,,,,,,,,,,,,,,,,,,,,,,,,,,,,,,,,,,,,,,,,,,,
5,4,경기,성남시중원구,중앙동,,4113313200113720000,,성남시 중앙동,,,,,,,,,,,,,,,,,,,,,,,,,,,,,,,,,,,,,,,,,,,,,,,,,,,,
5,5,경기,동두천시,생연동,,4125010300106240020,,동두천시 생연동,,,,,,,,,,,,,,,,,,,,,,,,,,,,,,,,,,,,,,,,,,,,,,,,,,,,
2,8,경기,수원시,"권선구 세류동 1150-7, 8",,4111312600111500007,합필형,,,,X,X ,X,도시재생 활성화지역,O,X,2019,일반근린,,제2종일반주거지역,345.400,1943.0,01/01/2020,05/01/2021,2,,2,,, ,10,,,,,,,준공,,,,02/06/2020,,,07/28/2020,08/24/2020,12/24/2020,,,,,,박진한,도시재생과,031-8008-5563,jmf0803@gg.go.kr,조윤주,도시정비과,031-228-3505,joo417@korea.kr
2,9,경기,수원시,팔달구 고등동 36-20,,4111513700100360020,자율형,,,,X,X ,X,도시재생 활성화지역,O,X,,,,제2종일반주거지역,1174.900,6201.0,11/01/2019,04/01/2020,16,,16,16,14,,,,,,,,,주민합의체 구성,,,,11/11/2019,,,,,,,,,,공모전 선정(2019),박진한,도시재생과,031-8008-5563,jmf0803@gg.go.kr,조윤주,도시정비과,031-228-3505,joo417@korea.kr
2,10,경기,수원시,"장안구 연무동 256-7, 10",,4111113700102560007,합필형,,,,X,X ,X,"뉴딜사업지 (19, 주거지)",O,O,2019,주거지지원,O,제1종일반주거지역,371.700,1887.0,07/01/2020,03/01/2021,2,,16,2,, ,4,,,,,,,주민합의체 구성,,,,10/08/2019,,,,,,,,,,중점관리(뉴딜가점),박진한,도시재생과,031-8008-5563,jmf0803@gg.go.kr,조윤주,도시정비과,031-228-3505,joo417@korea.kr
2,12,경기,수원시,"장안구 연무동 173-64, 174-3 ",,4111113700101730064,합필형,,,O,X,X ,X,"뉴딜사업지 (19, 주거지)",O,O,2019,주거지지원,O,제1종일반주거지역,281.000,1899.0,05/01/2019,03/01/2021,6,,6,6,, ,2,,,,,,,준공,,,,06/17/2019,,,01/21/2020,05/04/2020,12/23/2020,,,,LH 공동시행약정 체결 완료,,박진한,도시재생과,031-8008-5563,jmf0803@gg.go.kr,조윤주,도시정비과,031-228-3505,joo417@korea.kr
2,13,경기,수원시,"권선구 세류동 1160-3, 4",,4111312600111600003,합필형,,,,X,X ,X,도시재생 활성화지역,O,X,2019,일반근린,,제2종일반주거지역,277.800,1581.111691,12/01/2019,04/01/2021,2,,4,,, ,8,,,,,,,준공,,,,01/06/2020,,,05/19/2020,06/09/2020,11/03/2020,,,,일반금융기관 융자,,박진한,도시재생과,031-8008-5563,jmf0803@gg.go.kr,조윤주,도시정비과,031-228-3505,joo417@korea.kr
2,17,경기,수원시,"장안구 연무동 257-13, 14, 15",,4111113700102570013,합필형,,,,X,X ,X,"뉴딜사업지 (19, 주거지)",O,O,2019,주거지지원,,제1종일반주거지역,381.000,,08/01/2022,08/01/2024,2,,2,,,,,,,,,,,주민합의체 구성,,,,08/18/2022,,,,,,,,,,,박진한,도시재생과,031-8008-5563,jmf0803@gg.go.kr,허성준,도시정비과,031-228-3505,hsj6525@korea.kr
2,18,경기,수원시,"권선구 세류동 1133-12, 13",,4111312600111330012,합필형,,,,X,X ,X,"뉴딜사업지 (19, 주거지)",O,X,,주거지지원,,제2종일반주거지역,286.000,764.0,12/01/2020,06/30/2021,2,,4,,, ,8,,,,,,,준공,,,,12/29/2020,,,03/02/2021,03/10/2021,06/30/2021,,,,,,박진한,도시재생과,031-8008-5563,jmf0803@gg.go.kr,조윤주,도시정비과,031-228-3505,joo417@korea.kr
2,19,경기,수원시,"권선구 세류동 1151-6, 7",,4111312600111510006,합필형,,,,X,X ,X,-,X,X,,,,제2종일반주거지역,279.900,755.0,07/01/2020,04/14/2021,2,,2,,, ,8,,,,,,,준공,,,,08/11/2020,,,10/07/2020,12/21/2020,04/14/2021,,-,-,,,박진한,도시재생과,031-8008-5563,jmf0803@gg.go.kr,조윤주,도시정비과,031-228-3505,joo417@korea.kr
2,25,경기,고양시,덕양구 주교동 582-6 일원,,4128110100105820006,합필형,,,O,X,X ,X,"뉴딜사업지 (17, 우동살)",O,O,2017,우리동네살리기,X,제1종일반주거지역,718.000,4555.0,12/01/2019,2021-05-31(예정),3,,3,2,,16,,,O,X,,,,준공,,,,12/23/2019,,,09/14/2020,10/16/2020,09/10/2021,,-,-,"LH 공동시행약정 체결 완료, 주민 이주 완료, 건축심의(‘20.6), 이전고시 완료",,박진한,도시재생과,031-8008-5563,jmf0803@gg.go.kr,홍지애,재정비관리과,031-8075-3435,hi78@korea.kr
2,31,경기,안양시,만안구 안양동 352,,4117110100103520000,건축협정(합벽),,,O,X,X ,X,"뉴딜사업지 (17, 주거지)",O,O,2017,주거지지원,X,제1종일반주거지역,664.000,3420.0,11/01/2018,04/30/2020,7,,7,6,14,0,0,X,X,X,,,,준공,,,,11/07/2018,,,07/25/2019,08/28/2019,06/23/2020,,,,이전고시 완료,,박진한,도시재생과,031-8008-5563,jmf0803@gg.go.kr,박미용,만안구청 건축과,031)8045-3562,my1270@korea.kr
2,39,경기,평택시,서정동 552-205 외 6필지 ,,4122010100105520205,건축협정(합벽),,,,X,X ,X,,X,X,,,X,제1종일반주거지역,679.000,3100.0,08/01/2018,11/02/2022,2,,4,4,0,12,0, O, O,X,,,,준공,,,,08/13/2018,,,06/11/2019,05/14/2021,11/02/2022,,,,"2019-06-11, 2022-11-18(변경), 2021-11-16(변경)",,박진한,도시재생과,031-8008-5563,jmf0803@gg.go.kr,박길용,스마트도시과,031-8024-4132,pky118@korea.kr
2,40,경기,평택시,신장동 267-32 외 3필지,,4122011200102670032,건축협정(합벽),,,,X,X ,X,,X,X,,,X,제1종일반주거지역,476.000,2900.0,03/01/2021,11/03/2022,3,,3,14,0,0,0, O,O,X,,,,준공,,,,03/25/2021,,,10/14/2021,01/19/2022,11/03/2022,,,,,,박진한,도시재생과,031-8008-5563,jmf0803@gg.go.kr,박길용,스마트도시과,031-8024-4132,pky118@korea.kr
2,43,경기,양주시,덕정동 135-1번지,,4163011000101350001,미정,,,,X,X ,X,도시재생활성화지역,O,X,2019,,,준주거지역,733.000,7931.0,미정,미정,18,,18,18,21,0,0,X,X,X,,,,주민합의체 구성,,,,01/20/2022,,,,,,,,,,,박진한,도시재생과,031-8008-5563,jmf0803@gg.go.kr,이창준,도지재생과,031-8082-6561,anniga@korea.kr
2,44,경기,수원시,"장안구 연무동 238-19, 20, 22",,4111113700102380019,합필형,,,,X,X ,X,-,X,X,,,,제2종일반주거지역,955.000,,03/01/2022,03/01/2024,12,,12,,,,,,,,,,,사업시행인가,,,,03/04/2022,,,12/13/2023,,,,,,,,박진한,도시재생과,031-8008-5563,jmf0803@gg.go.kr,최순영,도시정비과,031-228-3505,csy40@korea.kr
2,45,경기,안산시,상록구 본오동 794-8 외 1필지,,4127110400107940008,건축협정(합벽),,,O,X,X ,X,"뉴딜사업지(19, 주거지)",O,X,2019,주거지지원,,제1종일반주거지역,476.000,3192.0,05/24/2021,11/30/2022,2,,20,2,,16,,X,X,O,,,,준공,,,,05/24/2021,,,04/29/2022,05/25/2022,02/15/2023,,,,,,박진한,도시재생과,031-8008-5563,jmf0803@gg.go.kr,백종승,주택과,031-481-2398,bjs8801@korea.kr
2,46,경기,안산시,상록구 본오동 794-10 외 1필지,,4127110400107940010,건축협정(합벽),,,O,X,X ,X,"뉴딜사업지(19, 주거지)",O,X,2019,주거지지원,,제1종일반주거지역,475.900,3192.0,09/03/2021,11/30/2022,2,,21,2,,16,,X,X,O,,,,준공,,,,09/03/2021,,,04/29/2022,05/25/2022,02/15/2023,,,,,,박진한,도시재생과,031-8008-5563,jmf0803@gg.go.kr,백종승,주택과,031-481-2398,bjs8801@korea.kr
2,47,경기,안산시,단원구 선부동 1017-3 외 1필지,,4127310900110170003,건축협정(합벽),,,O,X,X ,X,해당없음,,,,,,제2종일반주거지역,479.100,3255.0,02/01/2023,10/30/2023,3,,16,3,,16,,X,X,O,,,,착공,,,,12/09/2022,,,07/06/2023,08/07/2023,-,,,,,,박진한,도시재생과,031-8008-5563,jmf0803@gg.go.kr,백종승,주택과,031-481-2398,bjs8801@korea.kr
2,48,경기,고양시,덕양구 주교동 577-2 일원,,4128110100105770002,합필형,, ,,X,X ,X,X,X,X,X,X,X,제2종일반주거지역,290.000,2760.0,,,3,,3,3,,8,,,,X,,,,주민합의체 구성,,,,06/12/2023,,,,,,,,,,,박진한,도시재생과,031-8008-5563,jmf0803@gg.go.kr,김지현,도시정비과,031-8075-3438,jyun2021@korea.kr
2,49,경기,수원시,"권선구 서둔동 141-6, 11",,4111313100101410000,합필형,,,,X,X ,X,-,X,X,,,X,제2종일반주거지역,192.000,480,11/16/2024,11/16/2026,2, ,2,,,X,,,,,,,,주민합의체 구성,,,,11/16/2024,,,,,,,,,,,박진한,도시재생과,031-8008-5563,jmf0803@gg.go.kr,허성두,도시정비과,031-228-3828,sdlr11@korea.kr
1,266,경기,고양시,덕양구 행신동 204-5번지 일원,,4128112800102040005,,행신동 A1구역 가로주택정비사업,조합,X,O,O ,06/11/2024,,X,X,,,,제2종일반주거지역,11040.300,221.0,,,149,149,149,149,102,33, ,-,-,x,,,,조합설립인가,01/04/2021,,11/26/2021,,,,,,,,,,,,박진한,도시재생과,031-8008-5563,jmf0803@gg.go.kr,정혁조,도시정비과,031-8075-3439,wjdgurwh@korea.kr
1,268,경기,안양시,만안구 안양8동 461-1번지 일원,,4117110100104610001,,삼아연립주변지구 일원 가로주택정비사업,조합,O,X,X ,X,,X,X,,-,X,제2종일반주거지역,9551.000,156.0,12/13/2021,,129,129,131,,,,,,,,,,,건축심의,01/22/2021,,12/13/2021,,,06/29/2024,,,,,,,,,박진한,도시재생과,031-8008-5563,jmf0803@gg.go.kr,유예지,주택과,031-8045-2856,dpwltl@korea.kr
1,276,경기,수원시,장안구 율전동 163-2번지 일원,,4111113200101630002,,장미5차아파트 가로주택정비사업,조합,X,X,X ,X,,X,X,,,X,제2종일반주거지역,5251.000,,03/24/2021,,109,109,126,109,36,,,,,,,,,건축심의,03/24/2021,,12/17/2021,,,02/06/2023,,,,,,,,,박진한,도시재생과,031-8008-5563,jmf0803@gg.go.kr,조윤주,도시정비과,031-228-3505,joo417@korea.kr
1,281,경기,광명시,광명동 24-17번지 일원,,4121010100100240017,,광명3동 LH참여형 가로주택정비사업,조합,LH,X,X ,X,,O,O,,,X,제2종일반주거지역,19252.000,,06/01/2021,12/31/2028,246,246,246,246,113,92,,,,,,,,건축심의,10/21/2020,,06/01/2021,,,11/28/2024,,,,,,,,,박진한,도시재생과,031-8008-5563,jmf0803@gg.go.kr,박종혁,도시재생과,02-2680-6977,whdgur9185@korea.kr
1,284,경기,동두천시,생연동 489-10번지 일원,,4125010300104890010,,생연동 489-10번지 일원 가로주택정비사업,지정개발자(신탁),X,O,O ,12/31/2021,,X,X,,,X,제2종일반주거지역,10986.000,미정,미정,미정,78,50,미정,78,270,0,0,X,X,미확인,,,,조합설립인가,04/07/2021,,10/13/2021,,11/23/2021,06/20/2023,,,,,,,,,박진한,도시재생과,031-8008-5563,jmf0803@gg.go.kr,안예지,건축과,031-860-2402,dpwl2501@korea.kr
1,285,경기,안양시,만안구 석수동 284-1 일원,,4117110200102840001,,석수동 적성아파트 가로주택정비사업,조합,X,X,X ,X,,X,X,,,X,제2종일반주거지역,2764.000,314.0,11/29/2021,,72,72,72,,,,,X,X,X,,,,사업시행계획인가,05/06/2021,,11/29/2021,,,12/27/2022,12/21/2023,,,,,,,,박진한,도시재생과,031-8008-5563,jmf0803@gg.go.kr,유예지,주택과,031-8045-2856,dpwltl@korea.kr
1,290,경기,의정부시,가능동 80-7번지 일원(2차),,4115011000100800007,,녹양역세권 가능동 80-7번지 일원 가로주택정비사업,조합,X,X,X ,X,,X,X,,,X,제2종일반주거지역,8026.000,523.0,07/27/2021,미정,55,55,33,47,156,0,0,X,X,X,,,,조합설립인가,04/06/2021,,07/27/2021,,, ,,,,,,,,,박진한,도시재생과,031-8008-5563,jmf0803@gg.go.kr,김지웅,도시재생과,031-828-8813,woong0109@korea.kr
1,303,경기,부천시,소사본동 78-1번지 외 61필지,,4119410100100780001,,소사본동 78-1번지 일원,조합,X,X,X ,X,,O,X,2016,일반근린,X,제3종일반주거지역,7573.000,725.0,01/01/2024,12/01/2026,109,108,108,미정,미정,-,-,X,X,X,,,,조합설립인가,12/23/2020,,11/19/2021,,,,,,,,,,,,박진한,도시재생과,031-8008-5563,jmf0803@gg.go.kr,김재근,원도심재생과,032-625-3771,gar1876@korea.kr
1,305,경기,부천시,도당동 120번지,,4119010400101200000,,도당동 동아아파트,조합,X,X,X ,X,,X,X,X,X,X,제2종일반주거지역,3631.200,272.0,미정,미정,80,미정,80,미정,미정,-,-,X,X,X,,,,조합설립인가,02/18/2021,,04/06/2022,,,,,,,,,,,,박진한,도시재생과,031-8008-5563,jmf0803@gg.go.kr,김재근,원도심재생과,032-625-3771,gar1876@korea.kr
1,306,경기,부천시,소사본동 223-1 외 48필지,,4119410100102230001,,소사본동 223-1 일원,조합,X,X,X ,X,,O,X,2016,일반근린,X,제2종일반주거지역,5864.400,524.0,10/01/2023,12/01/2025,52,46,52,47,102,-,-,X,X,X,,,,사업시행계획인가,02/19/2021,,05/21/2021,,,05/24/2022,09/21/2023,,,,,,,,박진한,도시재생과,031-8008-5563,jmf0803@gg.go.kr,김재근,원도심재생과,032-625-3771,gar1876@korea.kr
1,307,경기,부천시,소사본동 52-25 외 3필지,,4119410100100520025,,(소사본동) 중앙연립,조합,X,X,X ,X,,O,X,2016,일반근린,X,제2종일반주거지역,1766.300,138.0,01/01/2023,12/01/2025,47,46,56,45,11,-,-,X,X,X,,,,사업시행계획인가,03/02/2021,,06/29/2021,,,12/20/2021,10/17/2023,,,,,,,,박진한,도시재생과,031-8008-5563,jmf0803@gg.go.kr,김재근,원도심재생과,032-625-3771,gar1876@korea.kr
1,308,경기,부천시,역곡동 46번지 외 28필지,,4119210700100460000,,역곡동 46일원,조합,X,X,X ,X,,X,X,X,X,X,제2종일반주거지역,7903.500,745.0,미정,미정,201,미정,201,미정,미정,-,-,X,X,X,,,,건축심의,04/02/2021,,12/28/2022,,,08/13/2024,,,,,,,,,박진한,도시재생과,031-8008-5563,jmf0803@gg.go.kr,배현수,원도심재생과,032-625-3804,bhs0302@korea.kr
1,316,경기,부천시,소사본동 277-14번지 외 22필지,,4119410100102770014,,소사본동 277-14번지 일원,조합,X,O,X ,X,,O,X,2016,일반근린,X,제2종일반주거지역,3598.400,264.0,미정,미정,32,미정,32,미정,미정,-,-,X,X,X,,,,조합설립인가,05/20/2021,,04/21/2022,,,,,,,,,,,,박진한,도시재생과,031-8008-5563,jmf0803@gg.go.kr,김재근,원도심재생과,032-625-3771,gar1876@korea.kr
1,320,경기,부천시,심곡본동 643-1번지 외 5필지,,4119410200106430001,,심곡본동 643-1번지 일원(B) 가로주택정비사업,조합,X,X,X ,X,,X,X,X,X,X,제2종일반주거지역,3571.900,259.0,미정,미정,82,82,82,미정,미정,-,-,X,X,X,,,,건축심의,02/15/2021,,07/27/2021,,,06/22/2023,,,,,,,,,박진한,도시재생과,031-8008-5563,jmf0803@gg.go.kr,이우영,원도심재생과,032-625-3802,dndud2895@korea.kr
1,321,경기,부천시,심곡본동 562-68번지 외 61필지,,4119410200105620068,,심곡본동 562-68 가로주택정비사업,조합,X,X,X ,X,,X,X,X,X,X,제2종일반주거지역,6786.000,492.0,미정,미정,85,85,82,미정,미정,-,-,X,X,X,,,,조합설립인가,03/17/2021,,05/31/2022,,,,,,,,,,,,박진한,도시재생과,031-8008-5563,jmf0803@gg.go.kr,이우영,원도심재생과,032-625-3802,dndud2895@korea.kr
1,323,경기,부천시,원종동 138-1번지 외 11필지,,4119610400101380001,,원종동 효자미성으뜸 가로주택정비사업,조합,X,X,X ,X,,X,X,X,X,X,제2종일반주거지역,6683.400,433.0,미정,미정,212,212,209(2호),미정,미정,X,X,X,X,X,,,,사업시행계획인가,12/23/2020,,08/02/2021,,,03/21/2024,10/18/2024,,,,,,,,박진한,도시재생과,031-8008-5563,jmf0803@gg.go.kr,김태한,원도심재생과,032-625-3762,thkim7@korea.kr
1,332,경기,용인시,김량장동 342-5,,4146110100103420005,,김량장동 342-5번지 일원 가로주택 정비사업 조합,조합,X,X,X ,X,,X,X,X,X,X,일반상업지역,7147.800,미정,미정,미정,99,93,99,,277,,,X,X,X,,,,사업시행계획인가,03/24/2021,,11/29/2021,,,12/14/2022,06/13/2024,,,,,,,,박진한,도시재생과,031-8008-5562,jmf0803@gg.go.kr,김주홍,주택정비과,031-6193-3232,hikjh0403@korea.kr
1,333,경기,성남시,금광동 4022,,4113310300140220000,,(가칭)금광동 4022번지 가로주택정비사업,조합,X,X,X ,X,,X,X,-,-,X,제2종일반주거지역,8935.800,,,,107,107,107,,,,,,,,,,,건축심의,04/14/2021,,05/30/2022,,,10/10/2023,,,,,,,,,박진한,도시재생과,031-8008-5563,jmf0803@gg.go.kr,박태영,도시개발행정과,031-729-4456,parkty95@korea.kr
1,337,경기,부천시,원종동 290-6번지 외 4필지,,4119610400102900006,,원종동 대성주택,조합,X,X,X ,X,,X,X,X,X,X,제2종일반주거지역,840.100,40.0,미정,미정,29,미정,28,미정,미정,-,-,X,X,X,,,,건축심의,07/16/2020,,02/17/2022,,,11/26/2024,,,,,,,,,박진한,도시재생과,031-8008-5563,jmf0803@gg.go.kr,김태한,원도심재생과,032-625-3762,thkim7@korea.kr
1,339,경기,부천시,고강동 408-4번지 외 2필지,,4119610500104080004,,"수정,일신주택 가로주택정비사업",조합,X,O,X ,X,,X,X,X,X,X,제2종일반주거지역,1116.200,71.0,12/01/2021,미정,41,41,42,미정,미정,X,X,X,X,X,,,,조합설립인가,04/14/2021,,12/23/2021,,,,,,,,,,,,박진한,도시재생과,031-8008-5563,jmf0803@gg.go.kr,김건우,주거정비과,032-625-3764,kw1454@korea.kr 
1,343,경기,부천시,오정동 139-5번지 외 12필지,,4119610100101390005,,오정동 139-5번지 외12필지 가로주택정비사업,조합,X,X,X ,X,,X,X,X,X,X,제2종일반주거지역,4566.900,521.0,10/07/2020,미정,113,101,113,101,18,-,-,X,X,X,,,,사업시행계획인가,10/07/2020,,05/10/2021,,,09/02/2022,05/27/2024,,,,,,,,박진한,도시재생과,031-8008-5563,jmf0803@gg.go.kr,구은선,주거정비과,032-625-3765,ydyvdjvr@korea.kr
1,350,경기,부천시,상동 240번지 외 14필지,,4119010900102400000,,상동 현대연립 외 가로주택정비사업,조합,X,X,X ,X,,X,X,X,X,X,제2종일반주거지역,2564.000,166.0,11/01/2021,미정,48,48,48,48,22,X,X,X,X,X,,,,사업시행계획인가,02/22/2021,,11/12/2021,,,02/26/2024,03/11/2025,,,,,,,,박진한,도시재생과,031-8008-5563,jmf0803@gg.go.kr,배현수,원도심재생과,032-625-3804,bhs0302@korea.kr
1,352,경기,부천시,소사본동 56-2번지 외 11필지,,4119410100100560002,,소사본동 현대부러운아파트 외 가로주택정비사업,조합,X,X,X ,X,,O,X,2016,일반근린,X,제2종일반주거지역,6724.020,539.0,02/01/2022,12/01/2025,128,128,128,128,62,X,X,X,X,X,,,,건축심의,08/24/2021,,02/09/2022,,,08/31/2023,,,,,,,,,박진한,도시재생과,031-8008-5563,jmf0803@gg.go.kr,김재근,원도심재생과,032-625-3771,gar1876@korea.kr
1,358,경기,부천시,괴안동 126-2 외 2필지,,4119410400101260002,,현대7차A 한보빌라 외 가로주택정비사업,조합,X,X,X ,X,,X,X,X,X,X,제2종일반주거지역,4780.000,368.0,03/02/2022,미정,98,79,93,79,51,X,X,O,X,X,,,,사업시행계획인가,08/03/2021,,03/02/2022,,,05/09/2023,03/21/2025,,,,,,,,박진한,도시재생과,031-8008-5565,jmf0803@gg.go.kr,정서훈,원도심재생과,032-625-3803,tjgns07@korea.kr 
1,359,경기,부천시,괴안동 118번지 외 38필지,,4119410400101180000,,대현9차 아파트 일대 가로주택정비사업,조합,X,X,X ,X,,X,X,X,X,X,제2종일반주거지역,8514.400,594.0,01/19/2022,미정,150,150,150,미정,미정,X,X,X,X,X,,,,조합설립인가,04/23/2021,,01/19/2022,,,,,,,,,,,,박진한,도시재생과,031-8008-5565,jmf0803@gg.go.kr,정서훈,원도심재생과,032-625-3803,tjgns07@korea.kr 
1,360,경기,부천시,괴안동 125번지 외 12필지,,4119410400101250000,,괴안동 125번지 일원 가로주택정비사업,조합,X,X,X ,X,,X,X,X,X,X,제2종일반주거지역,6528.900,459.0,11/01/2021,미정,117,117,101,미정,미정,X,X,O,X,X,,,,건축심의,05/11/2021,,11/18/2021,,,05/30/2023,,,,,,,,,박진한,도시재생과,031-8008-5565,jmf0803@gg.go.kr,정서훈,원도심재생과,032-625-3803,tjgns07@korea.kr 
1,368,경기,수원시,장안구 조원동 459-11번지 일원,,4111113600104590011,,조원동 459-11번지 일원 가로주택정비사업,조합,X,X,X ,X,,,,,,,제2종일반주거지역,5259.000,,01/13/2021,,99,99,105,99,51,X,,,,,,,,건축심의,01/13/2021,,08/10/2021,,,12/29/2022,,,,,,,,,박진한,도시재생과,031-8008-5563,jmf0803@gg.go.kr,조윤주,도시정비과,031-228-3505,joo417@korea.kr
1,370,경기,수원시,"권선구 권선동 993-4, 7",,4111313700109930004,,영동연립 가로주택정비사업,조합,X,X,X ,X,,,,,,,제2종일반주거지역,1545.500,,08/11/2021,,30,30,30,30,29,X,,,,,,,,사업시행계획인가,08/11/2021,,02/03/2022,,,10/17/2022,04/17/2024,,,,,,,,박진한,도시재생과,031-8008-5563,jmf0803@gg.go.kr,조윤주,도시정비과,031-228-3828,joo417@korea.kr
1,371,경기,수원시,팔달구 화서동 208번지 일원,,4111513800102080000,,경일아파트 가로주택정비사업,조합,X,X,X ,X,,,,,,,제2종일반주거지역,4093.000,,08/11/2021,,66,66,64,66,64,X,,,,,,,,건축심의,08/11/2021,,06/02/2022,,,05/03/2023,,,,,,,,,박진한,도시재생과,031-8008-5563,jmf0803@gg.go.kr,조윤주,도시정비과,031-228-3828,joo417@korea.kr
1,373,경기,수원시,장안구 연무동 11-5번지,,4111113700100110000,,연무동 11의5 심우연립 일원 가로주택정비사업,조합,X,X,X ,X,,,,,,,제2종일반주거지역,1752.000,,09/28/2021,,34,,34,,,X,,,,,,,,조합설립인가,09/28/2021,,11/28/2023,,,,,,,,,,,,박진한,도시재생과,031-8008-5563,jmf0803@gg.go.kr,김예리,도시정비과,031-228-3395,yeari07@korea.kr
1,376,경기,광명시,광명동 33-46번지 일원,,4121010100100330000,,광명동 33-46번지 일대 가로주택정비사업,조합,X,X,X ,X,,O,X,-,-,x,준주거지역,9085.420,,06/14/2022,,111,111,111,,,X,,,,,,,,건축심의,09/03/2021,,06/14/2022,,,08/24/2024,,,,,,,,,박진한,도시재생과,031-8008-5563,jmf0803@gg.go.kr,황종범,도시재생과,02-2680-6062,bureokjam@korea.kr
1,384,경기,오산시,수청동 11번지 일원,,4137010800100110000,,오산수청주공 가로주택정비사업,조합,경기주택도시공사,x,x ,,,x,x,,,,"제1,2종일반주거지역",17404.000,,,,318,315,310,317,55,50,,X,X,X,,,,조합설립인가,08/19/2021,,04/14/2022,,,,,,,,,,,,박진한,도시재생과,031-8008-5563,jmf0803@gg.go.kr,김은향,주택과,031-8036-7775,gid7912@korea.kr
1,399,경기,성남시,금광동 2950,,4113310300129500000,,금광동 2950번지 일원 가로주택정비사업,조합,,X,X ,X,,O,X,-,-,X,제2종일반주거지역,6844.000,,,,117,117,117,,,,,,,,,,,건축심의,05/08/2020,,08/13/2021,,,10/10/2023,,,,,,,,,박진한,도시재생과,031-8008-5563,jmf0803@gg.go.kr,박태영,도시개발행정과,031-729-4456,parkty95@korea.kr
1,400,경기,성남시,양지동 427,,4113110600104270000,,양지동 427번지 일원 가로주택정비사업,조합,,X,X ,X,,X,X,-,-,X,제2종일반주거지역,9494.200,,,,167,167,167,,,,,,,,,,,조합설립인가,07/05/2021,,05/26/2022,,,,,,,,,,,,박진한,도시재생과,031-8008-5563,jmf0803@gg.go.kr,박태영,도시개발행정과,031-729-4456,parkty95@korea.kr
1,401,경기,성남시,양지동 379,,4113110600103790000,,양지동 379번지 일원 가로주택정비사업,조합,,X,X ,X,,X,X,-,-,X,제2종일반주거지역,9603.000,,,,223,223,223,,,,,,,,,,,조합설립인가,07/05/2021,,06/22/2022,,,,,,,,,,,,박진한,도시재생과,031-8008-5563,jmf0803@gg.go.kr,박태영,도시개발행정과,031-729-4456,parkty95@korea.kr
1,407,경기,안양시,동안구 호계동 1002-9일원,,4117310400110020009,,진우아파트 가로주택정비사업,조합,X,X,X ,X,,X,X,-,-,X,준주거지역,2254.100,413.0,06/08/2022,,38,38,38,,,,,,,,,,,조합설립인가,08/19/2021,,06/08/2022,,,,,,,,,,,,박진한,도시재생과,031-8008-5563,jmf0803@gg.go.kr,김한솔,주택과,031-8045-5275,gogo4956@korea.kr
1,408,경기,안양시,만안구 안양동 368일원,,4117110100103680000,,안양동 368일원 가로주택정비사업,조합,X,X,X ,X,,O,O,2017,주거지지원,X,제2종일반주거지역,4147.000,375.0,12/23/2022,,73,73,73,,,,,,,,,,,조합설립인가,06/15/2022,,12/23/2022,,,,,,,,,,,,박진한,도시재생과,031-8008-5563,jmf0803@gg.go.kr,유예지,주택과,031-8045-2856,dpwltl@korea.kr
1,411,경기,안양시,만안구 안양동 342-50번지 일원,,4117110100103420050,,(가칭)안양동342-50번지 일원 가로주택정비사업,조합,X,X,X ,X,,O,O,2017,주거지지원,X,제2종일반주거지역,6883.000,512.0,09/28/2022,,154,154,154,,,,,,,,,,,조합설립인가,10/12/2021,,09/28/2022,,,,,,,,,,,,박진한,도시재생과,031-8008-5563,jmf0803@gg.go.kr,유예지,주택과,031-8045-2856,dpwltl@korea.kr
1,430,경기,용인시,김량장동 341-14,,4146110100103410000,,김량장동 341-14번지 일원 가로주택정비사업조합,조합,X,X,X ,X, ,X,X,X,X,X,일반상업지역,6238.000,미정,미정,미정,51,미정,51,,252,x,,,,,,,,조합설립인가,10/13/2021,,05/01/2024,,,,,,,,,,,,박진한,도시재생과,031-8008-5563,jmf0803@gg.go.kr,김주홍,주택정비과,031-6193-3232,hikjh0403@korea.kr
1,105,경기,안양시,만안구 안양동 30-11번지 일원,"30-12, 30-14, 30-15, 30-18, 30-19, 30-20, 30-21, 30-22, 30-36 ",4117110100100300011,,안양동 30-11번지 일원 가로주택정비사업,조합,X,X,X ,X,,X,X,-,-,X,"준주거지역, 일반상업지역",3856.500,396.0,11/19/2021,,76,89,77,,,,,,,,,,,조합설립인가,05/18/2021,,11/19/2021,,,,,,,,,, ,,박진한,도시재생과,031-8008-5563,jmf0803@gg.go.kr,유예지,주택과,031-8045-2856,dpwltl@korea.kr
1,106,경기,안양시,만안구 안양동 371번지 일원,,4117110100103710000,,안양동 371일원 가로주택정비사업조합,조합,X,X,X ,X,,O,O,2017,주거지지원,X,제2종일반주거지역,2438.000,208.0,12/21/2020,,70,71,70,,,,,,,,,,,조합설립인가,04/29/2019,,12/21/2020,,,,,,,,,,,,박진한,도시재생과,031-8008-5563,jmf0803@gg.go.kr,유예지,주택과,031-8045-2856,dpwltl@korea.kr
1,108,경기,의정부시,가능동 15-14번지 외 3필지,,4115011000100150014,,의정부 가능동 15-14번지 일원 가로주택정비사업,조합,O,X,X ,-,,X,X,-,-,X,제2종일반주거지역,4374.000,259.0,09/05/2019,미정,54,54,62,60,74,-,-,X,X,X,,,,착공,12/13/2018,,09/05/2019,,,04/13/2020,07/22/2021,07/20/2022, ,, , ,,,박진한,도시재생과,031-8008-5563,jmf0803@gg.go.kr,김지웅,도시재생과,031-828-8813,woong0109@korea.kr
1,109,경기,성남시,하대원동 120-1,,4113310900101200001,,삼두아파트은영빌라 가로주택정비사업,조합,,X,X ,X,,X,X,-,-,X,제2종일반주거지역,3930.000,335.0,09/01/2021,04/08/2025,133,133,133,133,12,-,-,X,X,X,,,,착공,,,07/25/2019,,,10/28/2020,10/05/2021,11/03/2022,,,,,,,박진한,도시재생과,031-8008-5563,jmf0803@gg.go.kr,박태영,도시개발행정과,031-729-4456,parkty95@korea.kr
1,110,경기,군포시,경기도 군포시 금정동 711-15 일원,,4141010500107110015,,군포시 금정동 711-15 일원 가로주택정비사업,조합,X,X,X ,X,,X,X,,,X,제2종일반주거지역,3602.000,253.0,,,115,90,115,91,27,-,-,X,X,X,,,,사업시행계획인가,05/20/2019,,08/07/2020,,,03/11/2022,08/26/2024,,,,,,,,박진한,도시재생과,031-8008-5563,jmf0803@gg.go.kr,박성현,주택정책과,031-390-0589,pxxxxn@korea.kr
1,111,경기,군포시,당동736-1번지 일원,,4141000000107360001,,당동736-1번지 일대 가로주택정비사업,지정개발자,X,X,X ,X,,X,X,,,X,제2종일반주거지역,3298.000,323.0,,,70,,64,70,27,-,-,X,X,X,,,,조합설립인가,09/13/2021,,,,04/28/2022,,,,,,,,지정개발자 지정,,박진한,도시재생과,031-8008-5563,jmf0803@gg.go.kr,조현진,주택정책과,031-390-0227,cho0602@korea.kr
1,112,경기,하남시,경기도 하남시 신장동 381-8 외 7필지,,4145010600103810008,,(가칭)동아아파트 가로주택정비사업,조합,X,X,X ,X,,X,X,-,-,X,"제1,2종일반주거지역",4117.000,240.0,,,74,74,62,69,41,,,,,x,,,,사업시행계획인가,07/03/2019,,01/28/2021,,,12/15/2022,05/03/2024,,,,,,,,박진한,도시재생과,031-8008-5563,jmf0803@gg.go.kr,진태준,주택과,031-790-5737,taez77@korea.kr
1,113,경기,의왕시,삼동 244-1번지 일원,,4143010300102440001,,우성4차아파트 및 주변 가로주택정비사업,조합,X,X,X ,X,,O,O,X,X,X,제3종일반주거지역,9255.000,1462.0,09/28/2021,02/01/2027,201,188,186,189,108,X,,0,x,x,,,,사업시행계획인가,01/09/2020,,09/28/2021,,,02/07/2024,10/17/2024,,,,,,,,박진한,도시재생과,031-8008-5563,jmf0803@gg.go.kr,백창환,도시정비과,031-345-3492,beatles17@korea.kr
1,124,경기,광명시,소하동 883-25일원,,4121010400108830025,,소하동 4구역 가로주택정비사업,조합,X,X,X ,X,,X,X,-,-,x,제2종일반주거지역,5476.000,,09/11/2020,12/31/2026,42,42,42,42,76,x,,,,,,,,사업시행계획인가,2019-10-16,,09/11/2020,,,05/30/2022,10/30/2024,,,,,,,,박진한,도시재생과,031-8008-5563,jmf0803@gg.go.kr,황종범,도시재생과,02-2680-6062,bureokjam@korea.kr
1,127,경기,구리시,교문동 232-5번지 일원,,4131010400102320005,,원일아파트2구역 가로주택정비사업,원일아파트2구역 가로주택정비사업조합,,X,X ,X,,X,X,,,X,제2종일반주거지역,5764.000,미정,,,80,80,80,80,79,,,,,X,,,,조합설립인가,02/14/2020,,10/28/2021,,,,,,,,,,,,박진한,도시재생과,031-8008-5563,jmf0803@gg.go.kr,길경배,균형개발과,031-550-8302,minj0918@korea.kr
1,130,경기,부천시,고강동 307,,4119610500103070000,,건우아파트 가로주택정비사업,조합,X,X,X ,X,,X,X,X,X,X,제2종일반주거지역,7897.100,735.0,03/20/2020,12/01/2025,191,191,194,190,47,X,X,X,X,X,,,,착공,10/01/2019,,03/20/2020,,,03/04/2021,04/14/2022,07/31/2024,,,,,,,박진한,도시재생과,031-8008-5563,jmf0803@gg.go.kr,장은지,원도심재생과,032-625-3761,eun708@korea.kr
1,131,경기,부천시,고강동 292-3외 1,,4119610500102920003,,성산주택 가로주택정비사업,조합,X,X,X ,X,,X,X,X,X,X,제2종일반주거지역,1079.200,68.0,03/16/2020,12/01/2024,27,27,27,27,6,X,X,X,X,X,,,,사업시행계획인가,07/03/2019,,03/16/2020,,,10/15/2020,03/10/2022,,,,,,,,박진한,도시재생과,031-8008-5563,jmf0803@gg.go.kr,지주현,원도심재생과,032-625-3763,jjh5302@korea.kr
1,132,경기,부천시,고강동 418-7번지 외 5필지,,4119610500104180007,,고강동 천안셀라,조합,X,O,X ,X,,X,X,X,X,X,제2종일반주거지역,1364.800,101.0,01/01/2021,미정,39,27,39,39,미정,X,X,X,X,X,,,,사업시행계획인가,02/24/2020,,01/07/2021,,,06/24/2021,02/17/2023,,,,,,,,박진한,도시재생과,031-8008-5563,jmf0803@gg.go.kr,김건우,원도심재생과,032-625-3764,kw1454@korea.kr 
1,133,경기,부천시,고강동 311-23번지 외 14필지,,4119610500103110023,,"정안, 고려빌라 가로주택정비사업",조합,X,X,X ,X,,X,X,X,X,X,제2종일반주거지역,2606.700,284.0,07/01/2020,12/01/2025,81,미정,81,60,22,X,X,X,X,X,,,,사업시행계획인가,02/26/2020,,07/10/2020,,,01/26/2023,07/10/2024,,,,,,,,박진한,도시재생과,031-8008-5563,jmf0803@gg.go.kr,지주현,원도심재생과,032-625-3763,jjh5302@korea.kr
1,134,경기,부천시,고강동 399-3번지 외 20필지,,4119610500103990003,,고강동 강서주택외,조합,X,O,X ,X,,O,X,2021,X,X,제2종일반주거지역,3789.200,226.0,12/01/2021,미정,103,103,104,103,미정,X,X,X,X,X,,,,건축심의,03/04/2020,,12/31/2021,,,04/23/2024,,,,,,,,,박진한,도시재생과,031-8008-5563,jmf0803@gg.go.kr,김건우,원도심재생과,032-625-3764,kw1454@korea.kr 
1,135,경기,부천시,고강동 397번지,,4119610500103970000,,고강동 새보미아파트,조합,X,O,X ,X,,O,X,2021,X,X,제2종일반주거지역,3762.000,201.0,08/01/2021,미정,98,98,100,98,미정,X,X,X,X,X,,,,건축심의,11/17/2020,,08/30/2021,,,11/21/2023,,,,,,,,,박진한,도시재생과,031-8008-5563,jmf0803@gg.go.kr,김건우,원도심재생과,032-625-3764,kw1454@korea.kr 
1,140,경기,부천시,오정동 140-6번지 외 10필지,,4119610100100040000,,부촌4차아파트외 가로주택정비사업,조합,X,X,X ,X,,X,X,X,X,X,제2종일반주거지역,5195.700,537.0,10/10/2019,미정,143,143,143,143,16,-,-,X,X,X,,,,사업시행계획인가,10/10/2019,,09/24/2020,,,12/27/2022,03/19/2024,,,,,,,,박진한,도시재생과,031-8008-5563,jmf0803@gg.go.kr,구은선,원도심재생과,032-625-3765,ydyvdjvr@korea.kr
1,141,경기,부천시,송내동 595,,4119410500105950000,,삼익아파트 3동 가로주택정비사업,조합,X,X,X ,X,,X,X,X,X,X,제3종일반주거지역,4908.200,371.0,04/16/2020,미정,97,97,97,97,58,X,X,X,X,X,,,,사업시행계획인가,12/17/2019,,04/16/2020,,,02/19/2021,11/18/2022,,,,,,,,박진한,도시재생과,031-8008-5563,jmf0803@gg.go.kr,이우영,원도심재생과,032-625-3772,dndud2895@korea.kr
1,146,경기,부천시,심곡동 107-8 외 6필지,,4119210200101070008,,심곡동 영화연립 가로주택정비사업,지정개발자(신탁),X,X,X ,X,,X,X,X,X,X,제2종일반주거지역,3042.300,230.0,11/01/2019,12/01/2024,78,77,77,70,29,X,X,O,X,X,,,,사업시행계획인가,08/09/2018,,,,11/25/2019,01/30/2020,06/07/2021,,,,,,,,박진한,도시재생과,031-8008-5563,jmf0803@gg.go.kr,이우영,원도심재생과,032-625-3772,dndud2895@korea.kr
1,149,경기,부천시,"여월동 8-6,7,8,9, 8-19번지",,4119610200100080006,,여월동 광남·복지,조합,X,X,X ,X,,X,X,X,X,X,제2종일반주거지역,4014.900,368.0,12/01/2020,12/01/2025,70,70,70,70,32,X,X,X,X,X,,,,착공,03/04/2020,,12/14/2020,,,12/01/2021,11/09/2022,05/13/2024,,,,,,,박진한,도시재생과,031-8008-5563,jmf0803@gg.go.kr,지주현,원도심재생과,032-625-3763,jjh5302@korea.kr
1,150,경기,부천시,원종동 374-9 외 12필지,,4119610400103740009,,원종동 374-9 일원 가로주택정비사업,조합,X,X,X ,X,,X,X,X,X,X,제2종일반주거지역,2291.700,150.0,미정,미정,85,85,85,85,43,-,-,X,X,X,,,,건축심의,10/01/2019,,10/16/2020,,,01/26/2021,,,,,,,,,박진한,도시재생과,031-8008-5563,jmf0803@gg.go.kr,장은지,원도심재생과,032-625-3761,eun708@korea.kr
1,151,경기,부천시,원종동 138-12번지 외 9필지,,4119610400101380012,,원종동 유림？신영？소망？명진 가로주택정비사업,조합,X,X,X ,X,,X,X,X,X,X,제2종일반주거지역,5643.500,345.0,12/16/2021,미정,154,154,153(1호),미정,미정,X,X,X,X,X,,,,사업시행계획인가,04/29/2021,,12/16/2021,,,06/07/2023,10/18/2024,,,,,,,,박진한,도시재생과,031-8008-5563,jmf0803@gg.go.kr,김태한,원도심재생과,032-625-3762,thkim7@korea.kr
1,152,경기,부천시,원종동 335 외 8필지,,4119610400103350000,,대성연립 가로주택정비사업,조합,X,X,X ,X,,X,X,X,X,X,제2종일반주거지역,1919.900,123.0,02/05/2020,12/31/2026,57,57,57,57,5,-,-,X,X,X,,,,착공,02/05/2020,,08/12/2020,,,12/09/2021,04/11/2023,12/23/2024,,,,,,,박진한,도시재생과,031-8008-5563,jmf0803@gg.go.kr,장은지,주거정비과,032-625-3761,eun708@korea.kr
1,66,경기,부천시,송내동 580,,4119410500105800000,,삼익아파트1동 가로주택정비사업,조합,X,X,X ,X,,X,X,X,X,X,제3종일반주거지역,5313.000,352.0,03/27/2020,미정,200,미정,200,200,,X,X,X,X,X,,,,조합설립인가,07/04/2019,,03/27/2020,,,,,,,,,,,,박진한,도시재생과,031-8008-5563,jmf0803@gg.go.kr,이우영,원도심재생과,032-625-3802,dndud2895@korea.kr
1,153,경기,부천시,원종동 281-17번지 외 11필지,,4119610400102810017,,"진주,남양,롯데,선진 가로주택정비사업",조합,X,X,X ,X,,O,X,X,X,X,제2종일반주거지역,2971.100,181.0,미정,미정,83,미정,83,미정,미정,-,-,X,X,X,,,,조합설립인가,02/27/2020,,04/06/2022,,,,,,,,,,,,박진한,도시재생과,031-8008-5563,jmf0803@gg.go.kr,김태한,원도심재생과,032-625-3762,thkim7@korea.kr
1,154,경기,부천시,원종동 276-2,,4119610400102760002,,원종동 성락아파트,조합,X,X,X ,X,,O,X,X,X,X,일반상업지역,2986.700,533.0,11/17/2020,미정,99,미정,99,미정,미정,X,X,X,X,X,,,,사업시행계획인가,03/05/2020,,11/17/2020,,,12/14/2021,04/05/2023,,,,,,,,박진한,도시재생과,031-8008-5563,jmf0803@gg.go.kr,김태한,원도심재생과,032-625-3762,thkim7@korea.kr
1,155,경기,부천시,원종동 130-3번지 외 9필지,,4119610400101300003,,원종동 성도아파트 외,조합,X,X,X ,X,,X,X,X,X,X,제2종일반주거지역,5841.400,386.0,07/14/2021,미정,164,미정,164,미정,미정,-,-,X,X,X,,,,조합설립인가,03/16/2020,,07/14/2021,,,,,,,,,,,,박진한,도시재생과,031-8008-5563,jmf0803@gg.go.kr,김태한,원도심재생과,032-625-3762,thkim7@korea.kr
1,156,경기,수원시,장안구 연무동 240-3 번지,,4111113700102400003,,연무동 240-3 한라연립 가로주택정비사업,조합,,X,X ,X,,,,,,,제2종일반주거지역,1403.000,,04/06/2020,,22,22,22,22,20,,,,,,,,,사업시행계획인가,04/06/2020,,03/18/2022,,,02/06/2023,12/20/2023,,,,,,,,박진한,도시재생과,031-8008-5563,jmf0803@gg.go.kr,김예리,도시정비과,031-228-3395,yeari07@korea.kr
1,161,경기,안양시,만안구 안양동 436-1번지 일원,,4117110100104360001,,삼익맨숀아파트 가로주택정비사업,조합,X,X,X ,X, ,O,X,-,-,X,일반상업지역,4328.000,686.0,03/26/2024,,140,140,132,,,X,,,,,,,,조합설립인가,03/19/2020, ,03/26/2024,,,,,,,,,,주상복합,,박진한,도시재생과,031-8008-5563,jmf0803@gg.go.kr,김승균,건축과,031-8045-5640,ksg004694@korea.kr
1,162,경기,안양시,동안구 비산동 557-7번지 일원,"557-9, 557-22",4117310100105570007,,비산동 557의7 일원 가로주택정비사업조합,조합,X,X,X ,X,,X,X,-,-,X,일반상업지역,2789.900,747.0,08/01/2020,,76,76,78,78,106,,,,,,,,,사업시행계획인가,03/23/2020,,08/12/2020,,,07/26/2022,03/07/2024,,,,,,주상복합,,박진한,도시재생과,031-8008-5563,jmf0803@gg.go.kr,임창길,건축과,031-8045-2395,tfkil@korea.kr
1,163,경기,의정부시,가능동 18-1번지 일원 ,,4115011000100180001,,의정부 가능동 18-1번지 일원 가로주택정비사업,조합,X,X,X ,X,,X,X,-,-,X,제2종일반주거지역,5608.000,344.0,07/22/2020,미정,67,64,63,94,160,0,0,X,X,X,,,,사업시행계획인가,11/21/2019,,07/24/2020,,,05/04/2022,07/21/2023,,,,,,,,박진한,도시재생과,031-8008-5563,jmf0803@gg.go.kr,김지웅,도시재생과,031-828-8813,woong0109@korea.kr
1,168,경기,구리시,인창동 648-269번지 일원,,4131010300106480269,,인창1구역 가로주택정비사업,인창1구역 가로주택정비사업조합,,X,X ,X,,X,X,,,X,제1종일반주거지역,9875.700,미정,,,104,104,104,104,23,,,,,X,,,,조합설립인가,04/16/2020,,06/10/2021,,,,,,,,,,,,박진한,도시재생과,031-8008-5563,jmf0803@gg.go.kr,길경배,균형개발과,031-550-8302,mark2022@korea.kr
1,169,경기,부천시,중동 772-2번지,,4119210800107720002,,중동 현대아파트,조합,X,X,X ,X,,X,X,X,X,X,제2종일반주거지역,1887.600,298.0,09/14/2022,미정,51,미정,51,미정,미정,-,-,X,X,X,,,,조합설립인가,10/26/2020,,09/14/2022,,,,,,,,,,,,박진한,도시재생과,031-8008-5563,jmf0803@gg.go.kr,정서훈,원도심재생과,032-625-3803,tjgns07@korea.kr 
1,171,경기,부천시,고강동 338-4번지 외 14필지,,4119610500103380004,,고강동 현대주택외,조합,X,X,X ,X,,X,X,X,X,X,제2종일반주거지역,3265.400,246.0,08/01/2020,12/01/2025,87,86,87,미정,미정,X,X,X,X,X,,,,착공,04/07/2020,,08/13/2020,,,09/29/2021,11/09/2022,05/09/2024,,,,,,,박진한,도시재생과,031-8008-5563,jmf0803@gg.go.kr,김건우,원도심재생과,032-625-3764,kw1454@korea.kr
1,172,경기,부천시,심곡본동 783-2번지 일원,,4119410200107830002,,심곡본동 로얄아파트 가로주택정비사업,지정개발자(신탁),X,X,X ,X,,X,X,X,X,X,일반상업지구,2648.500,684.0,04/16/2020,미정,90,62,92,90,89,-,-,미정,X,X,,,,사업시행계획인가,,,,,04/20/2020,12/09/2021,03/16/2023,,,,,,,,박진한,도시재생과,031-8008-5563,jmf0803@gg.go.kr,이우영,원도심재생과,032-625-3772,dndud2895@korea.kr
1,174,경기,부천시,괴안동 130-13번지 외 11필지,,4119410400101300013,,범안동 130번지 일원 가로주택정비사업,조합,X,X,X ,X,,X,X,X,X,X,제2종일반주거지역,2465.490,158.0,09/17/2020,미정,20,20,20,30,29,-,-,O,X,X,,,,착공,06/24/2020,,09/17/2020,,,04/07/2022,12/21/2022,09/09/2024,,,,,,,박진한,도시재생과,031-8008-5563,jmf0803@gg.go.kr,정서훈,원도심재생과,032-625-3803,tjgns07@korea.kr 
1,175,경기,부천시,오정동 139-2,,4119610100101390002,,상신빌라 가로주택정비사업,조합,X,X,X ,X,,X,X,X,X,X,제2종일반주거지역,4326.600,537.0,05/24/2020,미정,102,94,102,94,17,-,-,X,X,X,,,,사업시행계획인가,05/24/2020,,11/16/2020,,,09/02/2022,05/27/2024,,,,,,,,박진한,도시재생과,031-8008-5563,jmf0803@gg.go.kr,구은선,원도심재생과,032-625-3765,ydyvdjvr@korea.kr
1,180,경기,부천시,고강동 419-2번지 외 13필지,,4119610500104190002,,고강동 한일빌라외(B),조합,X,O,X ,X,,X,X,X,X,X,제2종일반주거지역,3211.200,209.0,09/01/2020,미정,84,80,84,80,미정,X,X,X,X,X,,,,사업시행계획인가,06/15/2020,,09/09/2020,,,10/20/2021,09/11/2023,,,,,,,,박진한,도시재생과,031-8008-5563,jmf0803@gg.go.kr,김건우,원도심재생과,032-625-3764,kw1454@korea.kr 
1,184,경기,부천시,괴안동 105번지 외 3필지,,4119410400101050000,,역곡현대 가로주택정비사업,조합,X,X,X ,X,,X,X,X,X,X,제2종일반주거지역,9766.900,714.0,06/04/2021,미정,245,236,245,미정,미정,-,-,X,X,X,,,,조합설립인가,07/21/2020,,06/04/2021,,,,,,,,,,,,박진한,도시재생과,031-8008-5563,jmf0803@gg.go.kr,김건우,원도심재생과,032-625-3764,kw1454@korea.kr 
1,187,경기,부천시,원종동 135-2,,4119610400101350002,,원종동 한아름아파트,조합,X,X,X ,X,,X,X,X,X,X,제2종일반주거지역,2559.500,163.0,미정,미정,65,미정,65,미정,미정,X,X,O,X,X,,,,사업시행계획인가,07/27/2020,,12/01/2020,,,12/01/2021,08/08/2023,,,,,,,,박진한,도시재생과,031-8008-5563,jmf0803@gg.go.kr,김태한,원도심재생과,032-625-3762,thkim7@korea.kr
1,188,경기,부천시,괴안동 107-11 외 3필지,,4119410400101070011,,삼융연립 외 3필지 가로주택정비사업,조합,X,X,X ,X,,X,X,X,X,X,제2종일반주거지역,3056.000,229.0,08/17/2021,미정,64,64,64,미정,미정,-,-,X,X,X,,,,조합설립인가,07/28/2020,,08/17/2021,,,,,,,,,,,,박진한,도시재생과,031-8008-5563,jmf0803@gg.go.kr,정서훈,원도심재생과,032-625-3803,tjgns07@korea.kr 
1,196,경기,부천시,소사본동 294번지 외 48필지,,4119410100102940000,,소사본동 다-구역,조합,X,O,X ,X,,O,X,2016,일반근린,X,제2종일반주거지역,6110.900,467.0,01/01/2023,12/01/2025,42,42,42,42,117,-,-,X,X,X,,,,건축심의,08/26/2020,,04/08/2021,,,03/12/2024,,,,,,,,,박진한,도시재생과,031-8008-5563,jmf0803@gg.go.kr,김재근,원도심재생과,032-625-3771,gar1876@korea.kr
1,200,경기,부천시,소사본동 277-30,,4119410100102770030,,소사본동 277-30 일원,조합,X,O,X ,X,,O,X,2016,일반근린,X,제2종일반주거지역,3067.700,345.0,01/01/2023,12/01/2025,37,미정,37,미정,미정,-,-,X,X,X,,,,사업시행계획인가,09/11/2020,,02/05/2021,,,04/29/2022,12/09/2024,,,,,,,,박진한,도시재생과,031-8008-5563,jmf0803@gg.go.kr,김재근,원도심재생과,032-625-3771,gar1876@korea.kr
1,204,경기,부천시,원종동 363번지 외 35필지,,4119610400103630000,,원종동 우성빌라외,조합,X,X,X ,X,,X,X,X,X,X,제2종일반주거지역,9270.100,955.0,05/02/2022,12/31/2026,236,199,236,199,62,-,-,X,X,X,,,,사업시행계획인가,09/12/2020,,05/02/2022,,,07/27/2023,12/20/2024,,,,,,,,박진한,도시재생과,031-8008-5563,jmf0803@gg.go.kr,장은지,원도심재생과,032-625-3811,eun708@korea.kr
1,206,경기,부천시,원종동 211 외 2필지,,4119610400102110000,,현대목화아파트,조합,X,X,X ,X,,X,X,X,X,X,제2종일반주거지역,6293.100,391.0,미정,미정,171,미정,171,미정,미정,-,-,X,X,X,,,,사업시행계획인가,09/14/2020,,06/16/2022,,,11/30/2023,03/11/2025, ,,,,,,,박진한,도시재생과,031-8008-5563,jmf0803@gg.go.kr,김태한,원도심재생과,032-625-3762,thkim7@korea.kr
1,222,경기,성남시,금광동 3289,,4113310300132890000,,금광동 3289번지 일원 가로주택정비사업,조합,X,X,X ,X,,X,X,-,-,X,제2종일반주거지역,8099.000,,,,109,109,109,,,,,,,,,,,건축심의,04/06/2020,,07/14/2021,,,10/10/2023,,,,,,,,,박진한,도시재생과,031-8008-5563,jmf0803@gg.go.kr,박태영,도시개발행정과,031-729-4456,parkty95@korea.kr
1,226,경기,성남시,성남동 2801,,4113310100128010000,,성남동 2801번지 일원 가로주택정비사업,조합,X,X,X ,X,,X,X,-,-,X,제2종일반주거지역,3746.000,,,,46,43,43,,,,,,,,,,,조합설립인가,06/04/2020,,04/23/2021,,,,,,,,,,,,박진한,도시재생과,031-8008-5563,jmf0803@gg.go.kr,박태영,도시개발행정과,031-729-4456,parkty95@korea.kr
1,227,경기,성남시,성남동 2709,,4113310100127090000,,성남동 2709번지 일원 가로주택정비사업,조합,X,X,X ,X,,X,X,-,-,X,제2종일반주거지역,7866.000,,,,85,85,85,,,,,,,,,,,조합설립인가,06/17/2020,,01/26/2022,,,,,,,,,,,,박진한,도시재생과,031-8008-5563,jmf0803@gg.go.kr,박태영,도시개발행정과,031-729-4456,parkty95@korea.kr
1,231,경기,성남시,금광동 3936-1,,4113310300139360001,,금광동 3936-1번지 일대 가로주택정비사업,조합,X,X,X ,X,,X,X,-,-,X,제2종일반주거지역,5294.000,,,,65,65,65,,,,,,,,,,,건축심의,11/06/2020,,08/12/2021,,,06/27/2024,,,,,,,,,박진한,도시재생과,031-8008-5563,jmf0803@gg.go.kr,박태영,도시개발행정과,031-729-4456,parkty95@korea.kr
1,232,경기,성남시,금광동 3335,,4113310300133350000,,금광동 3335번지 일원 가로주택정비사업,조합,X,X,X ,X,,X,X,-,-,X,제2종일반주거지역,7952.000,,,,107,107,107,,,,,,,,,,,건축심의,07/13/2020,,07/13/2021,,,10/10/2023,,,,,,,,,박진한,도시재생과,031-8008-5563,jmf0803@gg.go.kr,박태영,도시개발행정과,031-729-4456,parkty95@korea.kr
1,235,경기,성남시,단대동 53-1,,4113110400100530001,,단대동 53-1번지 일원 가로주택정비사업,조합,X,X,X ,X,,O,X,-,-,X,제2종일반주거지역,4188.000,,,,51,51,51,,,,,,,,,,,건축심의,08/20/2020,,07/12/2021,,,08/29/2023,,,,,,,,,박진한,도시재생과,031-8008-5563,jmf0803@gg.go.kr,박태영,도시개발행정과,031-729-4456,parkty95@korea.kr
1,238,경기,성남시,하대원동 220-1,,4113310900102200001,,하대원동 220-1번지 일원 가로주택정비사업,조합,X,X,X ,X,,X,X,-,-,X,제2종일반주거지역,7543.000,,,,58,58,49,,,,,,,,,,,건축심의,08/13/2020,,04/01/2021,,,06/27/2024,,,,,,,,,박진한,도시재생과,031-8008-5563,jmf0803@gg.go.kr,박태영,도시개발행정과,031-729-4456,parkty95@korea.kr
1,239,경기,성남시,금광동 4232,,4113310300142320000,,금광동 4232번지 일대 가로주택정비사업,조합,X,X,X ,X,,X,X,-,-,X,제2종일반주거지역,8375.000,,,,91,91,91,,,,,,,,,,,건축심의,08/21/2020,,08/03/2021,,,06/27/2024,,,,,,,,,박진한,도시재생과,031-8008-5563,jmf0803@gg.go.kr,박태영,도시개발행정과,031-729-4456,parkty95@korea.kr
1,240,경기,성남시,금광동 4071,,4113310300140710000,,금광동 4071번지 일원 가로주택정비사업,조합,X,X,X ,X,,X,X,-,-,X,제2종일반주거지역,10881.190,,,,99,99,97,,,,,,,,,,,건축심의,09/14/2020,,03/16/2022,,,10/10/2023,,,,,,,,,박진한,도시재생과,031-8008-5563,jmf0803@gg.go.kr,박태영,도시개발행정과,031-729-4456,parkty95@korea.kr
1,241,경기,성남시,금광동 4246,,4113310300142460000,,금광동 4246번지 일대 가로주택정비사업,조합,X,X,X ,X,,X,X,-,-,X,제2종일반주거지역,7188.400,,,,76,76,76,,,,,,,,,,,건축심의,09/23/2020,,08/13/2021,,,06/27/2024,,,,,,,,,박진한,도시재생과,031-8008-5563,jmf0803@gg.go.kr,박태영,도시개발행정과,031-729-4456,parkty95@korea.kr
1,243,경기,용인시,마평동  730-8번지 일원,,4146110700107300008,,마평 가로주택 정비사업 조합,조합,X,X,X ,X,,X,X,X,X,X,제2종일반주거지역,2857.600,미정,미정,미정,55,51,51,,,,,X,X,X,,,,조합설립인가,04/20/2020,,08/12/2020,,, ,,,,,,,,,박진한,도시재생과,031-8008-5562,jmf0803@gg.go.kr,김영욱,주택정비과,031-6193-2407,kywk@korea.kr
1,249,경기,시흥시,시흥시 신천동 37-3일원,,4139010200100370003,,동경 1·2차아파트 가로주택정비사업,조합,X,X,X ,X,,X,X,,,X,제2종일반주거지역,3035.000,미정,08/01/2020,미정,83,82,83,미정,미정,-,-,X,X,X,,,,건축심의,08/13/2020,,05/21/2021,,,09/29/2022,,,,,,,,,박진한,도시재생과,031-8008-5563,jmf0803@gg.go.kr,지현정,균형개발과,031-310-3763,jkj7912lee@korea.kr
1,250,경기,시흥시,시흥시 신천동 27-2일원,,4139010200100270002,,부강·제성아파트 가로주택정비사업,조합,X,X,X ,X,,X,X,,,X,제2종일반주거지역,6148.800,미정,08/01/2020,미정,190,186,190,미정,미정,-,-,X,X,X,,,,건축심의,08/13/2020,,10/12/2021,,,,,,,,,,,,박진한,도시재생과,031-8008-5563,jmf0803@gg.go.kr,지현정,균형개발과,031-310-3763,jkj7912lee@korea.kr
1,252,경기,의정부시,가능동 651번지 일원,,4115011000106510000,,가능동 수정아파트 일원 가로주택정비사업,조합,X,X,X ,X,,O,X,-,-,X,제2종일반주거지역,9987.800,668.0,03/31/2021,미정,141,141,137,140,154,0,0,X,X,X,,,,조합설립인가,12/04/2020,,03/31/2021,,, ,,,,,,,,,박진한,도시재생과,031-8008-5563,jmf0803@gg.go.kr,김지웅,도시재생과,031-828-8813,woong0109@korea.kr
1,263,경기,성남시,하대원동 111-7,,4113310900101110007,,하대원동 111-7번지 일원 가로주택정비사업,조합,,X,X ,X,,X,X,-,-,X,제2종일반주거지역,9596.600,,,,173,173,173,,,,,,,,,,,건축심의,12/29/2020,,08/22/2022,,,08/18/2023,,,,,,,,,박진한,도시재생과,031-8008-5563,jmf0803@gg.go.kr,박태영,도시개발행정과,031-729-4456,parkty95@korea.kr
3,72,경기,의정부시,용현동 33-3외 1필지(동남장미아파트),,4115010500100330003,,용현동 33-3외 1필지(동남장미아파트) 소규모재건축사업,조합,,X,X ,X,,,,,,,,9333.000,626.0,12/22/2021,미정,149,141,150,150,72,-,,,,,132.05,249,미적용,건축심의,,04/07/2021,12/22/2021,,,05/08/2024,,,,,,,,,박진한,도시재생과,031-8008-5563,jmf0803@gg.go.kr,김수현,도시재생과,031-828-8813,zzorry@korea.kr
3,74,경기,수원시,장안구 경수대로1044번길 16-11,,4111112900104300003,,대우연립 주택재건축정비사업,조합,,X,X ,X,,,,,,,,5788.000,364.0,11/01/2004,04/01/2023,76,74,76,74,61,,,,,,199.69,241.16,,이전고시,,11/11/2004,11/09/2009,,,01/27/2016,02/05/2016,11/13/2017,09/08/2023,02/29/2024,,,,,박진한,도시재생과,031-8008-5563,jmf0803@gg.go.kr,이용석,도시정비과,031-228-3414,lys2258@korea.kr
3,75,경기,부천시,소사본동 190-3,,4119410100101900003,,소라아파트 소규모재건축사업,조합,,X,X ,X,,,,,,,,3439.000,230.0,08/24/2021,04/08/2028,94,73,94,73,98,미정,,,,,136.78,246.94,미적용,사업시행인가,,,08/23/2021,,,05/23/2023,04/08/2025,,,,,,,,박진한,도시재생과,031-8008-5563,jmf0803@gg.go.kr,김동주,주택정비과,032-625-3746,joo9007@korea.kr
3,82,경기,남양주시,다산동 4026-16번지 외 4필지,,4136011200140260016,,신우가든아파트일원 소규모재건축정비사업조합,조합,,X,X ,X,,,,,,,,5025.000,미정,미정,미정,117,107,117,117,154,0,,,,,216.13,249.87,해당없음,건축심의,,,05/10/2022,,,12/07/2023,,,,,,,동의서 일련번호 부여 및 검인일 (2021.5.12.),,박진한,도시재생과,031-8008-5563,jmf0803@gg.go.kr,이창우,도시재생과,031-590-4317,lazenca16@korea.kr
3,86,경기,부천시,원종동 산27-1,,4119610400200270001,,문화아파트 소규모재건축사업,조합,,X,X ,X,,,,,,,,2380.000,159.0,06/16/2022,미정,60,54,60,60,미정,미정,,,,,135,188.94,미정,조합설립인가,,,06/16/2022,,,,,,,,,,,,박진한,도시재생과,031-8008-5563,jmf0803@gg.go.kr,노영진,주거정비과,032-625-3771,dudwls0520@korea.kr
3,87,경기,부천시,역곡동 산51-18외 3,,4119210700200510018,,역곡동 현대아파트 소규모재건축사업,조합,,X,X ,X,,,,,,,,7068.000,479.0,미정,미정,159,119,160,미정,미정,미정,,,,,192.29,247.02,미정,사업시행인가,,,03/24/2022,,,11/30/2023,04/09/2025,,,,,,,,박진한,도시재생과,031-8008-5563,jmf0803@gg.go.kr,장한별,주거정비과,032-625-3773,jhb930309@korea.kr
3,94,경기,고양시,일산서구 일산동 587-7번지 일원,,4128710100105870000,,미주아파트 소규모재건축사업,조합,,O,X ,X,,,,,,,,6038.000,387.0,,,134,126,123,,,,,,,,230,229.92,미적용,조합설립인가,,,04/17/2023,,,,,,,,,,,,박진한,도시재생과,031-8008-5563,jmf0803@gg.go.kr,안정이,도시정비과,031-8075-3440,jyahn109@korea.kr
3,95,경기,군포시,경기도 군포시 금정동 744번지일원,,4141010500107440000,,금정동 적성아파트 소규모재건축사업,조합,,X,X ,X,,,,,,,,5473.900,364.0,,,170,133,170,170,6,X,,,,,159,247,,조합설립인가,,,02/20/2024,,,,,,,,,,,,박진한,도시재생과,031-8008-5563,jmf0803@gg.go.kr,오정아,주택정책과,031-390-0957,jao92@korea.kr
3,96,경기,오산시,오산시 청호동 37-3번지 일원,,4137012300100370003,,청호동 엘지아파트 소규모재건축정비사업,조합,,x,X ,X,,,,,,,,9677.000,,,,159,136,160,137,76,X,,,,,94.73,198.02,미적용,건축심의,,,08/17/2022,,,04/28/2024,,,,,,,,,박진한,도시재생과,031-8008-5563,jmf0803@gg.go.kr,최인정,주택과,031-8036-7774,agreetoo@korea.kr
3,97,경기,오산시,오산시 원동 378-2번지 일원,,4137010300103780002,,오산대남 소규모 재건축사업,조합,,x,X ,X,,,,,,,,3590.000,,,,68,60,69,69,45,X,,,,,154.76,351.71,미적용,조합설립인가,,,02/13/2023,,,,,,,,,,,,박진한,도시재생과,031-8008-5563,jmf0803@gg.go.kr,최인정,주택과,031-8036-7774,agreetoo@korea.kr
3,100,경기,시흥시,신천동 69-2번지 일원,,4139010200100690002,,명성아파트 1단지,조합,,X,X ,X,,,,,,,,2084.000,161.0,08/01/2006,미정,40,40,40,40,16,-,,,,,-,243.86,미적용,준공,,08/01/2006,05/18/2012,,-,07/14/2015,08/23/2016,04/17/2020,11/03/2023,,-,-,"빈집 및 소규모주택정비에 관한 특례법으로 이관된 재건축정비사업, '23년 1분기 첫반영",,박진한,도시재생과,031-8008-5563,jmf0803@gg.go.kr,지현정,균형개발과,031-310-3763,jkj7912lee@korea.kr
3,101,경기,시흥시,신천동 69-7번지 일원,,4139010200100690007,,명성아파트 2단지,조합,,X,X ,X,,,,,,,,1951.000,144.0,08/01/2006,미정,42,40,36,40,11,-,,,,,-,234.74,미적용,준공,,08/01/2006,05/18/2012,,-,07/14/2015,08/23/2016,05/07/2020,11/03/2023,,-,-,"빈집 및 소규모주택정비에 관한 특례법으로 이관된 재건축정비사업, '23년 1분기 첫반영",,박진한,도시재생과,031-8008-5563,jmf0803@gg.go.kr,지현정,균형개발과,031-310-3763,jkj7912lee@korea.kr
3,102,경기,부천시,괴안동 산15,,4119410400200150000,,괴안동 현대허니문아파트 소규모재건축사업,조합,,X,X ,X,,,,,,,,5752.000,584.0,08/04/2023,미정,150,118,150,미정,미정,미정,,,,,미정,미정,미정,조합설립인가,,,08/04/2023,,,,,,,,,,,,박진한,도시재생과,031-8008-5563,jmf0803@gg.go.kr,김동주,주거정비과,032-625-3772,joo9007@korea.kr
3,107,경기,안양시,만안구 박달동 103번지 일원,,4117110300101030000,,(가칭)박달동 적성아파트 소규모재건축사업,조합,,X,X ,X,,,,,,,,6836.000,695.0,,,174,140,175,174,192,X,,,,,,249.9,,조합설립인가,,,09/26/2024,,,,,,,,,,,,박진한,도시재생과,031-8008-5563,jmf0803@gg.go.kr,이은경,주택과,031-8045-2856,dufma1124@korea.kr
3,108,경기,용인시,구갈동 384-2번지 일원,,4146310200103840002,,구갈신명아파트 소규모재건축사업,조합,,X,X ,X,,,,,,,,4291.400,591.0,05/01/2024,미정,68,60,68,68,0,X,,,,,106,289.88,,조합설립인가,,,03/28/2025,,,,,,,,,,,,박진한,도시재생과,031-8008-5563,jmf0803@gg.go.kr,여선영,주택정비과,031-6193-3251,duih@korea.kr
2,2,경기,이천시,관고동 283-14,,4150010200102830014,합필형,,,,X,X ,X,,X,X,-,-,X,제1종일반주거지역,1049.000,3825.0,10/17/2019,09/10/2020,2,,2,0,0,23,0,x,x,x,,,,준공,,,,03/14/2019,,,08/16/2019,10/31/2019,09/10/2020,,,,-,,박진한,도시재생과,031-8008-5563,jmf0803@gg.go.kr,이은영,도시개발과,031-644-7132,iey604@korea.kr
2,3,경기,포천시,신읍동 173-24 외 2필지,,4165010100101730024,합필형,,,,X,X ,X,"뉴딜사업지 (19, 일반근린)",O,O,2019,일반근린,O,일반상업지역,1707.600,19311.0,11/11/2020,03/01/2024,3,,3,0,0,104,0,x,x,0,,,,착공,,,,04/10/2019,,,11/11/2020,12/22/2021,(예정)24년 3월,,,,LH 매입확약 / 인가접수(20.08.03), ,박진한,도시재생과,031-8008-5563,jmf0803@gg.go.kr,김성수,건축과,031-538-2384,pkss2018@korea.kr
2,4,경기,하남시,덕풍동 345-12,,4145010800103450012,합필형,,,,X,X ,X,,X,X,-,-,X,제2종일반주거지역,209.000,1741.0,08/01/2018,06/30/2019,2,,5,-,-,-,10,x,x,x,,,,준공,,,,06/25/2018,,,08/23/2018,10/08/2018,06/26/2019,,,,,,박진한,도시재생과,031-8008-5563,jmf0803@gg.go.kr,김영호,주택과,031-790-5091,dudgh93@korea.kr
2,6,경기,부천시,"오정동 567-12번지 외 1필지(567-12, 567-6)",,4119610100105670012,합필형,,,,X,X ,X,,X,X,,,,제2종일반주거지역,331.600,1625.0,09/21/2020,05/10/2021,2,,2,10,-,-,-,X,X,X,,,,준공,,,,02/14/2020,,,08/14/2020,09/21/2020,05/10/2021,,,,,,박진한,도시재생과,031-8008-5563,jmf0803@gg.go.kr,정준섭,주택정비과,032-625-3745,practice77@korea.kr
2,7,경기,부천시,"오정동 567-13번지 외 1필지(567-13, 567-14)",,4119610100105670013,합필형,,,,X,X ,X,,X,X,,,,제2종일반주거지역,331.600,1625.0,09/21/2020,05/10/2021,2,,2,10,-,-,-,X,X,X,,,,준공,,,,02/26/2020,,,08/14/2020,09/21/2020,05/10/2021,,,,,,박진한,도시재생과,031-8008-5563,jmf0803@gg.go.kr,정준섭,주택정비과,032-625-3745,practice77@korea.kr
1,1,경기,부천시,소사본동 229-12 외3필지,,4119410100102290012,,로얄연립가구역가로주택정비사업,조합,X,X,X ,X,,O,X,2016,일반근린,X,제2종일반주거지역,3896.200,224.0,02/01/2017,11/01/2021,71,70,70,74,44,X,X,O,X,X,,,,준공,09/05/2016,,02/16/2017,,,06/28/2018,03/29/2019,11/07/2019,11/19/2021,03/31/2022,,,,,박진한,도시재생과,031-8008-5563,jmf0803@gg.go.kr,김재근,원도심재생과,032-625-3771,gar1876@korea.kr
1,2,경기,부천시,고강동 377-1 외 10필지,,4119610500103770001,,새한빌라가로주택정비사업,조합,X,X,X ,X,,O,O,2021,일반근린,O,제2종일반주거지역,2106.000,140.0,08/01/2017,04/30/2023,55,54,54,49,16,X,X,O,X,X,,,,준공,11/18/2016,,08/23/2017,,,08/23/2018,05/15/2020,12/11/2020,06/28/2023,09/11/2023,,,,,박진한,도시재생과,031-8008-5563,jmf0803@gg.go.kr,구은선,원도심재생과,032-625-3765,ydyvdjvr@korea.kr
1,3,경기,부천시,심곡동 95-3번지 외 5필지,,4119210200100950003,,신흥연립가로주택정비사업,조합,X,X,X ,X,,X,X,X,X,X,제2종일반주거지역,3040.000,182.0,08/28/2017,09/30/2024,49,44,49,49,84,X,X,O,X,X,,,,준공,06/01/2017,,08/28/2017,,,03/14/2019,03/19/2020,11/05/2021,09/01/2024,11/29/2024,,,,,박진한,도시재생과,031-8008-5563,jmf0803@gg.go.kr,이우영,원도심재생과,032-625-3802,dndud2895@korea.kr
1,4,경기,부천시,괴안동 117,,4119410400101170000,,삼협연립3차 가로주택정비사업,조합,X,X,X ,X,,X,X,X,X,X,제2종일반주거지역,3646.000,315.0,09/06/2017,06/01/2024,46,44,46,41,58,X,X,O,X,X,,,,준공,12/12/2016,,09/06/2017,,,12/12/2019,08/04/2020,03/23/2022,08/19/2024,,,,,,박진한,도시재생과,031-8008-5563,jmf0803@gg.go.kr,이현도,원도심재생과,032-625-3802,scv105@korea.kr
1,5,경기,부천시,원종동 295-1 외 3필지,,4119610400102950001,,부천원종LH참여형가로주택정비사업,조합,LH,X,X ,X,,X,X,X,X,X,제2종일반주거지역,4665.000,351.0,03/01/2018,07/01/2022,65,64,66,64,45,28,X,O,X,X,,,,준공,10/25/2017,,03/08/2018,,,07/30/2019,07/30/2020,12/01/2020,10/21/2022,07/25/2023,,,,,박진한,도시재생과,031-8008-5563,jmf0803@gg.go.kr,김태한,원도심재생과,032-625-3762,thkim7@korea.kr
1,6,경기,부천시,원종동 294-5외 3필지,,4119610400102940005,,진주연립 가로주택정비사업,조합,X,X,X ,X,,X,X,X,X,X,제2종일반주거지역,2062.000,84.0,05/01/2018,04/12/2022,42,42,42,37,26,X,X,O,X,X,,,,준공,02/23/2018,,05/24/2018,,,02/22/2019,04/21/2020,12/31/2020,03/20/2023,05/04/2023,,,,,박진한,도시재생과,031-8008-5563,jmf0803@gg.go.kr,김태한,원도심재생과,032-625-3762,thkim7@korea.kr
1,7,경기,부천시,원종동 296-5,,4119610400102960005,,공항주택296-5 가로주택정비사업,지정개발자(신탁),X,X,X ,X,,X,X,X,X,X,제2종일반주거지역,1809.000,69.0,06/01/2018,10/01/2021,19,19,22,19,31,X,X,X,X,X,,,,준공,12/04/2017,,06/11/2018,,,11/29/2018,08/12/2019,06/24/2020,10/01/2021,10/18/2021,,,,,박진한,도시재생과,031-8008-5563,jmf0803@gg.go.kr,김태한,원도심재생과,032-625-3762,thkim7@korea.kr
1,9,경기,부천시,역곡동50-1,,4119210700100500001,,삼원연립 가로주택정비사업조합(역곡동삼원연립),조합,X,X,X ,X,,X,X,X,X,X,제2종일반주거지역,2687.000,238.0,04/01/2021,미정,50,51,50,50,,-,-,X,X,X,,,,조합설립인가,(A) 2016-12-07 (B) 2017-12-21,,04/02/2021,,,,,,,,,,소규모재건축에서 변경,,박진한,도시재생과,031-8008-5563,jmf0803@gg.go.kr,배현수,원도심재생과,032-625-3804,bhs0302@korea.kr
1,10,경기,부천시,"원미동 150-1,2,3",,4119210100101500001,,장미연립 가로주택정비사업조합,조합,X,O,X ,X,,X,X,X,X,X,제2종일반주거지역,4734.000,220.0,01/16/2017,미정,78,77,78,78,72,-,-,X,X,X,,,,착공,01/16/2017,,06/09/2021,,,08/04/2022,06/22/2023,04/19/2024,,,,,,,박진한,도시재생과,031-8008-5563,jmf0803@gg.go.kr,배현수,원도심재생과,032-625-3804,bhs0302@korea.kr
1,12,경기,부천시,원종동 153-9 외 18필지,,4119610400101530009,,원종동153번지일원가로주택정비사업조합,조합,X,X,X ,X,,X,X,X,X,X,제2종일반주거지역,4062.000,180.0,미정,미정,102,104,103,104,18,-,-,X,X,X,,,,사업시행계획인가,05/01/2017,,04/19/2021,,,07/27/2022,01/22/2025,,,,,,,,박진한,도시재생과,031-8008-5563,jmf0803@gg.go.kr,김태한,원도심재생과,032-625-3762,thkim7@korea.kr
1,13,경기,부천시,소사본동 55-8,,4119410100100550008,,삼신아파트 가로주택정비사업,조합,X,X,X ,X,,X,X,X,X,X,제2종일반주거지역,1706.000,73.0,미정,미정,24,미정,24,미정,미정,-,-,X,X,X,,,,건축심의,05/19/2017,,06/22/2020,,,12/20/2021,,,,,,,,,박진한,도시재생과,031-8008-5563,jmf0803@gg.go.kr,김재근,원도심재생과,032-625-3771,gar1876@korea.kr
1,15,경기,부천시,원종동 365 외 1필지,,4119610400103650000,,원종동 오익빌라 가로주택정비사업,조합,X,X,X ,X,,X,X,X,X,X,제2종일반주거지역,2495.000,166.0,01/30/2023,12/31/2026,48,48,49,48,28,-,-,X,X,X,,,,건축심의,07/13/2017,,01/30/2023,,,12/20/2024,,,,,,,,,박진한,도시재생과,031-8008-5563,jmf0803@gg.go.kr,장은지,원도심재생과,032-625-3811,eun708@korea.kr
1,16,경기,부천시,여월동 9-28외1필지,,4119011800100090028,,부천여월LH참여형 가로주택정비사업(여월동정우주택),조합,LH,X,X ,X,,X,X,2019,인정사업,X,제2종일반주거지역,4747.000,360.0,11/01/2018,12/31/2023,72,72,72,70,43,29,X,O,X,X,,,,착공,12/08/2017,,11/01/2018,,,03/24/2020,08/30/2021,01/18/2022,12/29/2023,,,,,,박진한,도시재생과,031-8008-5563,jmf0803@gg.go.kr,양현준,주거정비과,032-625-3738,picklesoup@korea.kr
1,17,경기,부천시,원종동 298-1외 7필지,,4119610400102980001,,공항연립 가로주택정비사업(원종동공항연립),조합,X,X,X ,X,,X,X,X,X,X,제2종일반주거지역,7583.000,862.0,11/05/2019,미정,130,107,109,미정,미정,X,X,O,X,X,,,,사업시행계획인가,08/09/2016,,11/05/2019,,,01/26/2022,04/11/2023,,,,,,,,박진한,도시재생과,031-8008-5563,jmf0803@gg.go.kr,김태한,원도심재생과,032-625-3762,thkim7@korea.kr
1,21,경기,부천시,원종동 334-2외 6필지,,4119610400103340002,,부천원종엘리트주택가로주택정비사업,조합,X,X,X ,X,,X,X,X,X,X,제2종일반주거지역,1529.000,67.0,01/13/2019,04/12/2022,42,31,42,31,22,X,-,X,X,X,,,,준공,05/15/2018,,01/13/2019,,,06/27/2019,07/23/2020,01/18/2021,03/31/2022,05/18/2022,,,,,박진한,도시재생과,031-8008-5563,jmf0803@gg.go.kr,장은지,주거정비과,032-625-3761,eun708@korea.kr
1,22,경기,부천시,역곡동 104외 2필지,,4119210700101040000,,역곡대림 경기도시공사참여형 가로주택정비사업,조합,경기도시공사,X,X ,X,,X,X,X,X,X,제2종일반주거지역,2676.000,119.0,10/30/2018,11/01/2023,49,47,49,48,32,X,X,O,X,X,,,,준공,05/16/2018,,10/30/2018,,,12/12/2019,04/20/2021,12/20/2021,03/27/2024,,,,,,박진한,도시재생과,031-8008-5563,jmf0803@gg.go.kr,배현수,원도심재생과,032-625-3804,bhs0302@korea.kr
1,27,경기,부천시,고강동 387-4 외 15필지,,4119610500103870004,,"강서,청실 가로주택정비사업",조합,X,X,X ,X,,O,X,2021,X,X,제2종일반주거지역,3046.000,181.0,11/10/2022,미정,91,91,90,미정,미정,X,X,X,X,X,,,,조합설립인가,09/17/2018,,11/10/2022,,,,,,,,,,,,박진한,도시재생과,031-8008-5563,jmf0803@gg.go.kr,구은선,원도심재생과,032-625-3765,ydyvdjvr@korea.kr
1,28,경기,부천시,고강동 402 외  20필지,,4119610500104020000,,고강동 402번지 일원 가로주택정비사업,조합,X,X,X ,X,,O,X,2021,X,X,제2종일반주거지역,4642.000,543.0,08/01/2021,미정,123,미정,123,123,미정,X,X,X,X,X,,,,건축심의,10/05/2018,,08/30/2021,,,04/09/2025,,,,,,,,,박진한,도시재생과,031-8008-5563,jmf0803@gg.go.kr,김건우,원도심재생과,032-625-3764,kw1454@korea.kr 
1,30,경기,부천시,원종동 336-3,,4119610400103360003,,태평연립 가로주택정비사업,조합,X,X,X ,X,,X,X,X,X,X,제2종일반주거지역,1583.000,127.0,03/20/2019,12/01/2023,30,30,30,30,20,-,-,O,X,X,,,,준공,10/31/2018,,03/20/2019,,,10/12/2019,09/28/2021,02/25/2022,12/27/2023,,,,,,박진한,도시재생과,031-8008-5563,jmf0803@gg.go.kr,장은지,주거정비과,032-625-3811,eun708@korea.kr
1,34,경기,부천시,춘의동126-1 외 63필지,,4119000000101260001,,춘의동126-1번지 일원 가로주택정비사업,조합,X,X,X ,X,,X,X,X,X,X,제2종일반주거지역,9400.000,540.0,11/20/2020,미정,101,101,101,미정,미정,-,-,X,X,X,,,,건축심의,02/12/2019,,11/20/2020,,,09/06/2021,,,,,,,,,박진한,도시재생과,031-8008-5563,jmf0803@gg.go.kr,김재근,원도심재생과,032-625-3771,gar1876@korea.kr
1,42,경기,부천시,고강동 293-2 외 7필지,,4119610500102930002,,삼하동호진주연립 가로주택정비사업,조합,X,X,X ,X,,X,X,X,X,X,제2종일반주거지역,2855.000,236.0,10/22/2019,12/01/2025,73,73,73,72,18,X,X,X,X,X,,,,착공,04/01/2019,,10/22/2019,,,05/14/2021,05/09/2022,10/17/2024,,,,,,,박진한,도시재생과,031-8008-5563,jmf0803@gg.go.kr,지주현,주거정비과,032-625-3763,jjh5302@korea.kr
1,43,경기,부천시,고강동 289번지,,4119610500102890000,,한오아파트 가로주택정비사업,조합,X,X,X ,X,,X,X,X,X,X,제2종일반주거지역,2394.000,150.0,미정,미정,45,43,45,미정,미정,-,-,X,X,X,,,,건축심의,06/10/2021,,06/24/2022,,,07/02/2024,,,,,,,,,박진한,도시재생과,031-8008-5563,jmf0803@gg.go.kr,지주현,주거정비과,032-625-3763,jjh5302@korea.kr
1,45,경기,부천시,원미동 119-2 외 3,,4119210100101190002,,원미반도한양 가로주택정비사업,지정개발자(신탁),X,O,O ,2022.7.27.,,X,X,X,X,X,제2종일반주거지역,3389.000,156.0,04/01/2019,12/01/2023,75,75,75,75,33,X,X,O,X,X,,,,준공,,,04/15/2019,,07/30/2019,12/16/2020,12/06/2021,01/29/2024,04/09/2024,,,,,,박진한,도시재생과,031-8008-5563,jmf0803@gg.go.kr,배현수,원도심재생과,032-625-3804,bhs0302@korea.kr
1,46,경기,부천시,고강동 310-9 외 6필지,,4119610500103100009,,삼우APT성원수정빌라 가로주택정비사업,조합,X,X,X ,X,,X,X,X,X,X,제2종일반주거지역,3736.000,354.0,10/29/2019,12/01/2025,97,93,98,95,13,X,X,X,X,X,,,,착공,04/10/2019,,10/29/2019,,,02/06/2021,04/25/2022,06/13/2024,,,,,,,박진한,도시재생과,031-8008-5563,jmf0803@gg.go.kr,김건우,원도심재생과,032-625-3764,kw1454@korea.kr
1,48,경기,부천시,괴안동 106-1 외 3필지,,4119410400101060001,,대현청실 외2 가로주택정비사업,조합,X,X,X ,X,,X,X,X,X,X,제2종일반주거지역,9089.000,679.0,06/25/2020,미정,221,221,221,221,29,X,X,O,X,X,,,,착공,04/10/2019,,06/25/2020,,,07/28/2020,08/22/2022,12/27/2024,,,,,,,박진한,도시재생과,031-8008-5563,jmf0803@gg.go.kr,정서훈,원도심재생과,032-625-3803,tjgns07@korea.kr 
1,51,경기,부천시,괴안동 93-11 외 4필지,,4119410400100930011,,영신연립 가로주택정비사업,조합,X,X,X ,X,,X,X,X,X,X,제2종일반주거지역,2666.600,237.0,11/12/2019,미정,42,42,54,미정,미정,X,X,O,X,X,,,,사업시행계획인가,04/24/2019,,11/12/2019,,,08/26/2022,11/18/2024,,,,,,,,박진한,도시재생과,031-8008-5563,jmf0803@gg.go.kr,정서훈,원도심재생과,032-625-3803,tjgns07@korea.kr 
1,52,경기,부천시,원종동 340-20번지 외 6필지,,4119610400103400020,,원종동 340-20 일원 가로주택정비사업,조합,X,X,X ,X,,X,X,X,X,X,제2종일반주거지역,2234.000,133.0,05/17/2019,12/31/2026,32,32,32,32,34,-,-,X,X,X,,,,건축심의,05/07/2019,,01/13/2022,,,05/14/2024,,,,,,,,,박진한,도시재생과,031-8008-5563,jmf0803@gg.go.kr,장은지,원도심재생과,032-625-3761,eun708@korea.kr
1,53,경기,부천시,원종동 288-21 외 21필지,,4119610400102880021,,영동주택 가로주택정비사업,조합,X,X,X ,X,,X,X,X,X,X,제2종일반주거지역,5051.000,393.0,11/29/2019,미정,147,147,147,146,18,X,X,O,X,X,,,,착공,05/07/2019,,11/29/2019,,,12/29/2020,09/01/2022,05/13/2024,,,,,,,박진한,도시재생과,031-8008-5563,jmf0803@gg.go.kr,김태한,원도심재생과,032-625-3762,thkim7@korea.kr
1,56,경기,부천시,원종동 131번지 외 6필지,,4119610400101310000,,광성보원 가로주택정비사업 ,조합,X,X,X ,X,,X,X,X,X,X,제2종일반주거지역,5288.000,502.0,11/21/2019,12/01/2024,145,145,145,145,23,X,X,O,X,X,,,,착공,05/15/2019,,11/21/2019,,,02/04/2021,12/23/2021,07/03/2023,,,,,,,박진한,도시재생과,031-8008-5563,jmf0803@gg.go.kr,김태한,원도심재생과,032-625-3762,thkim7@korea.kr
1,57,경기,부천시,원미동 117-2 외 14필지,,4119210100101170002,,명성연립,조합,X,O,X ,X,,X,X,X,X,X,제2종일반주거지역,2627.000,322.0,미정,미정,64,미정,64,64,19,-,-,X,X,X,,,,건축심의,05/22/2019,,05/27/2022,,,01/13/2025,,,,,,,,,박진한,도시재생과,031-8008-5563,jmf0803@gg.go.kr,배현수,원도심재생과,032-625-3804,bhs0302@korea.kr
1,58,경기,부천시,오정동 140-1번지 외 15필지,,4119610100100030000,,부촌3차아파트외 가로주택정비사업,조합,X,X,X ,X,,X,X,X,X,X,제2종일반주거지역,8160.000,751.0,12/27/2019,미정,205,205,205,211,20,X,X,X,X,X,,,,착공,05/24/2019,,12/27/2019,,,02/19/2021,10/05/2022,07/11/2024,,,,,,,박진한,도시재생과,031-8008-5563,jmf0803@gg.go.kr,구은선,원도심재생과,032-625-3765,ydyvdjvr@korea.kr
1,60,경기,부천시,괴안동88번지 외 2필지,,4119410400100880000,,현대88아파트 가로주택정비사업,조합,X,X,X ,X,,X,X,X,X,X,제2종일반주거지역,2149.000,174.0,01/03/2020,미정,52,52,52,미정,미정,X,X,X,X,X,,,,건축심의,06/12/2019,,01/03/2020,,,09/26/2024,,,,,,,,,박진한,도시재생과,031-8008-5563,jmf0803@gg.go.kr,정서훈,원도심재생과,032-625-3803,tjgns07@korea.kr 
1,62,경기,부천시,심곡동 437-3,,4119210200104370003,,무지개연립,조합,X,X,X ,X,,X,X,X,X,X,제2종일반주거지역,2114.000,173.0,05/03/2022,미정,36,33,36,미정,미정,-,-,X,X,X,,,,건축심의,06/20/2019,,05/03/2022,,,09/26/2024,,,,,,,,,박진한,도시재생과,031-8008-5563,jmf0803@gg.go.kr,강승아,원도심재생과,032-625-3773,blosssom3@korea.kr
1,63,경기,부천시,원종동 345-15 외 6필지,,4119610400103450015,,한영빌라 가로주택정비사업,조합,X,X,X ,X,,X,X,X,X,X,제2종일반주거지역,1912.000,156.0,03/12/2020,12/31/2026,54,53,54,53,9,-,-,X,X,X,,,,사업시행계획인가,06/21/2019,,03/12/2020,,,06/08/2021,04/19/2024,,,,,,,,박진한,도시재생과,031-8008-5563,jmf0803@gg.go.kr,장은지,원도심재생과,032-625-3761,eun708@korea.kr
1,65,경기,부천시,고강동 289-2 외 10필지,,4119610500102890002,,세종빌라외 가로주택정비사업,조합,X,X,X ,X,,X,X,X,X,X,제2종일반주거지역,2842.000,271.0,09/27/2019,12/01/2024,80,미정,80,80,20,X,X,X,X,X,,,,준공,07/01/2019,,09/27/2019,,,09/29/2020,10/22/2021,10/23/2022,09/25/2024,,,,,,박진한,도시재생과,031-8008-5563,jmf0803@gg.go.kr,지주현,주거정비과,032-625-3763,jjh5302@korea.kr
1,67,경기,부천시,송내동 589,,4119410500105890000,,삼익아파트2동 가로주택정비사업,조합,X,X,X ,X,,X,X,X,X,X,제3종일반주거지역,5313.000,352.0,04/01/2020,미정,200,161,201,200,,X,X,X,X,X,,,,조합설립인가,07/04/2019,,09/11/2020,,,04/04/2022, ,,,,,,,,박진한,도시재생과,031-8008-5563,jmf0803@gg.go.kr,이우영,원도심재생과,032-625-3802,dndud2895@korea.kr
1,68,경기,부천시,송내동 607,,4119410500106070000,,삼익아파트5동 가로주택정비사업,조합,X,X,X ,X,,X,X,X,X,X,제3종일반주거지역,5312.000,352.0,02/11/2020,미정,156,156,156,156,,X,X,X,X,X,,,,조합설립인가,07/04/2019,,02/11/2020,,,,,,,,,,,,박진한,도시재생과,031-8008-5563,jmf0803@gg.go.kr,이우영,원도심재생과,032-625-3772,dndud2895@korea.kr
1,71,경기,부천시,원종동 387번지,,4119610400103870000,,명신아파트 가로주택정비사업,조합,X,X,X ,X,,X,X,X,X,X,제2종일반주거지역,3262.000,265.0,12/05/2019,10/28/2022,75,미정,75,75,35,-,-,O,X,X,,,,준공,07/08/2019,,12/05/2019,,,03/16/2020,11/16/2020,03/10/2021,10/28/2022,,,,,,박진한,도시재생과,031-8008-5563,jmf0803@gg.go.kr,장은지,원도심재생과,032-625-3761,eun708@korea.kr
1,73,경기,부천시,고강동 396번지 외 5필지,,4119610500100040000,,삼우4차아파트,조합,X,O,X ,X,,O,O,2021,일반근린,O,제2종일반주거지역,6129.000,563.0,07/01/2020,미정,173,161,172,173,미정,X,X,X,X,X,,,,사업시행계획인가,07/11/2019,,07/29/2020,,,04/29/2022,04/25/2024,,,,,,,,박진한,도시재생과,031-8008-5563,jmf0803@gg.go.kr,김건우,원도심재생과,032-625-3764,kw1454@korea.kr 
1,74,경기,부천시,고강동 292-8번지 외 2필지,,4119610500102920008,,"부촌아파트 (1차,2차) 가로주택정비사업",조합,X,X,X ,X,,X,X,X,X,X,제2종일반주거지역,6163.000,488.0,11/18/2019,12/01/2025,182,미정,182,183,14,X,X,X,X,X,,,,사업시행계획인가,07/12/2019,,11/18/2019,,,05/14/2021,04/11/2022,,,,,,,,박진한,도시재생과,031-8008-5563,jmf0803@gg.go.kr,지주현,원도심재생과,032-625-3763,jjh5302@korea.kr
1,77,경기,부천시,고강동 334-7번지 외 10필지,,4119610500103340007,,로얄빌라외 가로주택정비사업,조합,X,X,X ,X,,X,X,X,X,X,제2종일반주거지역,2345.000,155.0,11/26/2019,12/01/2025,68,미정,66,65,7,X,X,X,X,X,,,,착공,07/23/2019,,11/26/2019,,,10/30/2020,04/21/2022,07/31/2024,,,,,,,박진한,도시재생과,031-8008-5563,jmf0803@gg.go.kr,장은지,원도심재생과,032-625-3761,eun708@korea.kr
1,78,경기,부천시,오정동 613번지 외 23필지,,4119610100106130000,,오정613 가로주택정비사업,조합,X,X,X ,X,,X,X,X,X,X,제2종일반주거지역,6130.000,516.0,07/26/2019,미정,157,미정,157,153,47,X,X,X,X,X,,,,착공,07/26/2019,,01/23/2020,,,07/05/2021,11/04/2022,12/26/2024,,,,,,,박진한,도시재생과,031-8008-5563,jmf0803@gg.go.kr,구은선,원도심재생과,032-625-3765,ydyvdjvr@korea.kr
1,80,경기,부천시,원종동 136-4번지 외 11필지,,4119610400101360004,,은성빌라외 가로주택정비사업,조합,X,X,X ,X,,X,X,X,X,X,제2종일반주거지역,2759.000,175.0,11/04/2019,12/01/2024,67,미정,67,65,17,X,X,O,X,X,,,,착공,08/05/2019,,11/04/2019,,,12/14/2020,03/10/2022,07/30/2024,,,,,,,박진한,도시재생과,031-8008-5563,jmf0803@gg.go.kr,김태한,원도심재생과,032-625-3762,thkim7@korea.kr
1,81,경기,부천시,원종동 383-7번 외 2필지,,4119610400103830007,,혜원연립및방배아파트,조합,X,X,X ,X,,X,X,X,X,X,제2종일반주거지역,4841.000,413.0,03/30/2021,12/31/2026,104,104,128,24,52,-,-,O,X,X,,,,사업시행계획인가,08/07/2019,,03/30/2021,,,08/26/2022,05/03/2024,,,,,,,,박진한,도시재생과,031-8008-5563,jmf0803@gg.go.kr,장은지,원도심재생과,032-625-3761,eun708@korea.kr
1,85,경기,부천시,오정동 570-5 외 1필지,,4119610100105700005,,우진아파트 가로주택정비사업,조합,X,X,X ,X,,X,X,X,X,X,제2종일반주거지역,1701.000,119.0,08/30/2019,미정,32,32,32,32,16,X,X,X,X,X,,,,착공,08/30/2019,,11/29/2019,,,09/16/2020,12/16/2021,11/04/2024,,,,,,,박진한,도시재생과,031-8008-5563,jmf0803@gg.go.kr,구은선,원도심재생과,032-625-3765,ydyvdjvr@korea.kr
1,86,경기,부천시,고강동 401-3번지 외 13필지,,4119610500104010003,,진안빌라외 가로주택정비사업,조합,X,O,X ,X,,O,X,2021,,O,제2종일반주거지역,2569.000,143.0,01/16/2020,미정,55,미정,55,54,미정,X,X,X,X,X,,,,건축심의,09/02/2019,,01/16/2020,,,11/08/2024,,,,,,,,,박진한,도시재생과,031-8008-5563,jmf0803@gg.go.kr,정서훈,원도심재생과,032-625-3803,tjgns07@korea.kr 
1,92,경기,부천시,괴안동 177번지 외 8필지,,4119410400101770000,,리라역곡삼일 가로주택정비사업,조합,X,X,X ,X,,X,X,X,X,X,제2종일반주거지역,5303.000,286.0,10/01/2020,미정,108,108,108,미정,미정,-,-,O,X,X,,,,조합설립인가,09/10/2019,,10/19/2020,,,,,,,,,,,,박진한,도시재생과,031-8008-5563,jmf0803@gg.go.kr,정서훈,원도심재생과,032-625-3803,tjgns07@korea.kr 
1,93,경기,부천시,고강동 389-1번지,,4119610500103890001,,삼우3차아파트 가로주택정비사업,조합,X,X,X ,X,,O,O,2021,일반근린,O,제2종일반주거지역,3252.000,289.0,02/28/2020,미정,96,미정,97,94,12,X,X,X,X,X,,,,사업시행계획인가,09/11/2019,,02/28/2020,,,05/27/2021,12/29/2023,,,,,,,,박진한,도시재생과,031-8008-5563,jmf0803@gg.go.kr,구은선,원도심재생과,032-625-3765,ydyvdjvr@korea.kr
1,94,경기,부천시,소사본동 283-46 외 49필지,,4119410100102830046,,소사본동 283-46번지 일원,조합,X,O,X ,X,,O,X,2016,일반근린,X,제2종일반주거지역,6945.000,514.0,06/14/2021,12/01/2025,49,미정,49,미정,미정,X,-,X,X,X,,,,건축심의,09/19/2019,,06/14/2021,,,04/13/2023,,,,,,,,,박진한,도시재생과,031-8008-5563,jmf0803@gg.go.kr,김재근,원도심재생과,032-625-3771,gar1876@korea.kr
1,95,경기,광명시,소하동 883-13 일원,,4121010400108830013,,소하동 2구역 가로주택정비사업,조합,X,X,X ,X,,x,x,-,-,x,"제1종일반주거지역, 제2종일반주거지역",7822.000,664.0,02/08/2018,06/01/2024,119,119,142,120,82,x,x,o,o,o,,,,착공,09/20/2017,,02/08/2018,,,05/14/2020,05/31/2021,08/10/2023,,, , ,,,박진한,도시재생과,031-8008-5563,jmf0803@gg.go.kr,황종범,도시재생과,02-2680-6062,bureokjam@korea.kr
1,96,경기,고양시,덕양구 행신동 618-1번지 일원,,4128112800106180001,,경원연립주변 가로주택정비사업,조합,X,X,X ,X,,,,,,,제2종일반주거지역,5949.000,316.0,02/01/2017,05/31/2022,82,76,82,77,59,X,-,x,x,x,,,,준공,-,,02/01/2017,,,01/17/2018,04/25/2018,03/30/2020,04/04/2022, ,,,,,박진한,도시재생과,031-8008-5563,jmf0803@gg.go.kr,홍지애,재정비관리과,031-8075-3435,hi78@korea.kr
1,97,경기,고양시,덕양구 토당동 434-3번지 일원,,4128112000104340003,,대당연립 가로주택정비사업,조합,X,X,X ,X,,O,O,2019,일반근린,X,제2종일반주거지역,2156.000,137.0,12/01/2017,03/31/2025,36,36,36,36,32,X,-,x,x,x,,,,사업시행계획인가,,,12/14/2017,,,03/18/2020,04/24/2023,,,,,, ,,박진한,도시재생과,031-8008-5563,jmf0803@gg.go.kr,정혁조,도시정비과,031-8075-3439,wjdgurwh@korea.kr
1,99,경기,시흥시,시흥시 은행동 289-31일원,,4139010600102890031,,신극동아파트 가로주택정비사업,조합,X,X,X ,X,,X,X,-,-,X,제2종일반주거지역,6476.000,미정,10/01/2018,10/03/2026,185,186,190,185,33,-,-,X,X,X,,,,착공,,,10/18/2018,,,06/09/2021,05/03/2022,06/04/2024,,,,,,,박진한,도시재생과,031-8008-5563,jmf0803@gg.go.kr,지현정,균형개발과,031-310-3763,jkj7912lee@korea.kr
1,103,경기,안양시,동안구 비산동 571-2번지 일원," 571-2, 571-3, 571-10, 571-27, 571-28",4117310100105710002,,비산동 571의 2 일원 가로주택정비사업조합,조합,X,X,X ,X,,X,X,-,-,X,"일반상업지역, 준주거지역",3926.000,642.0,08/29/2019,,78,78,77,,,,,,,,,,,조합설립인가,04/04/2019,,08/29/2019,,,,,,,,,,주상복합,,박진한,도시재생과,031-8008-5563,jmf0803@gg.go.kr,임창길,건축과,031-8045-2395,tfkil@korea.kr
1,104,경기,안양시,동안구 호계동 969-3,,4117310400109690003,,삼덕진주아파트 가로주택정비사업 조합,조합,X,X,X ,X,,X,X,-,-,X,준주거지역,3568.000,491.0,04/22/2021,,91,72,91,72,미정,미정,미정,O,X,X,,,,사업시행계획인가,02/01/2019,,04/22/2021,,,"2022-06-03,2022-08-19",10/19/2023,,,,,,,,박진한,도시재생과,031-8008-5563,jmf0803@gg.go.kr,김한솔,주택과,031-8045-5275,gogo4956@korea.kr

